screen_name,text,created_at,source,user_source,hour,with_photo,with_url,media,hashtag,raw_text,scores,compound,sentiment
KingJames,We must be heard!!!.Â Â Thank you @lyft for supporting our fight against voter suppression.Â Â @morethanavote #BlackLivesMatter ğŸ™ğŸ¾ğŸ‘‘ https://t.co/NerFIjNF2H,2020-10-07 15:06:39+00:00,iPhone,KingJames | iPhone,15,No,Yes,without Image/URL,1,We must be heard Thank you @lyft for supporting our fight against voter suppression @morethanavote #BlackLivesMatter ,"{'neg': 0.109, 'neu': 0.628, 'pos': 0.263, 'compound': 0.5684}",0.5684,positive
KingJames,â¤ï¸â¤ï¸â¤ï¸â¤ï¸â¤ï¸â¤ï¸â¤ï¸ğŸ™ğŸ¾ğŸ‘‘ #IPromise *pinky swear https://t.co/Y5K1iyIJ5p,2020-10-07 14:11:49+00:00,iPhone,KingJames | iPhone,14,No,Yes,without Image/URL,1, #IPromise pinky swear ,"{'neg': 0.231, 'neu': 0.769, 'pos': 0.0, 'compound': -0.0516}",-0.0516,negative
KingJames,#IPromise #WeChampion ğŸ™ğŸ¾ğŸ‘‘ https://t.co/kcCOV5o470,2020-10-07 14:11:00+00:00,iPhone,KingJames | iPhone,14,No,Yes,without Image/URL,2,#IPromise #WeChampion ,"{'neg': 0.0, 'neu': 1.0, 'pos': 0.0, 'compound': 0.0}",0.0,positive
KingJames,https://t.co/It8td4AbIY,2020-10-07 10:30:30+00:00,iPhone,KingJames | iPhone,10,Yes,Yes,with Image/URL,0,,"{'neg': 0.0, 'neu': 1.0, 'pos': 0.0, 'compound': 0.0}",0.0,positive
KingJames,OBJ!!!!!!!!!!!!!!! @obj bro bro! Letâ€™s GO!!!! #Browns,2020-10-04 20:06:17+00:00,iPhone,KingJames | iPhone,20,No,No,without Image/URL,1,OBJ @obj bro bro Let s GO #Browns,"{'neg': 0.0, 'neu': 1.0, 'pos': 0.0, 'compound': 0.0}",0.0,positive
KingJames,Hunt so TOUGH!!! ğŸ˜¤ğŸ˜¤,2020-10-04 17:59:48+00:00,iPhone,KingJames | iPhone,17,No,No,without Image/URL,0,Hunt so TOUGH ,"{'neg': 0.531, 'neu': 0.469, 'pos': 0.0, 'compound': -0.5271}",-0.5271,negative
KingJames,Sheesh!! Helluva pass by Dak!! My goodness,2020-10-04 17:35:46+00:00,iPhone,KingJames | iPhone,17,No,No,without Image/URL,0,Sheesh Helluva pass by Dak My goodness,"{'neg': 0.0, 'neu': 0.59, 'pos': 0.41, 'compound': 0.6331}",0.6331,positive
KingJames,WOW!!!! @God_Son80 to @obj for TD. Letâ€™s go!! #GoBrowns,2020-10-04 17:10:18+00:00,iPhone,KingJames | iPhone,17,No,No,without Image/URL,1,WOW @God Son80 to @obj for TD Let s go #GoBrowns,"{'neg': 0.0, 'neu': 1.0, 'pos': 0.0, 'compound': 0.0}",0.0,positive
KingJames,"When your vision is crystal clear, they say itâ€™s razor-sharp/ A focused mind is said to be like a knife, but the scalpel is wisdom/ All one can do us accept that life is a double-edged sword. STAY ON THE EDGE!!!!",2020-10-04 02:16:33+00:00,iPhone,KingJames | iPhone,2,No,No,without Image/URL,0,When your vision is crystal clear they say it s razor sharp A focused mind is said to be like a knife but the scalpel is wisdom All one can do us accept that life is a double edged sword STAY ON THE EDGE ,"{'neg': 0.0, 'neu': 0.743, 'pos': 0.257, 'compound': 0.8562}",0.8562,positive
KingJames,Mind Still in Sprint Mode! ğŸ”’. Wonâ€™t let me sleep. Love it! Wouldnâ€™t want it any other way right now,2020-10-03 13:25:33+00:00,iPhone,KingJames | iPhone,13,No,No,without Image/URL,0,Mind Still in Sprint Mode Won t let me sleep Love it Wouldn t want it any other way right now,"{'neg': 0.0, 'neu': 0.747, 'pos': 0.253, 'compound': 0.7256}",0.7256,positive
KingJames,Why am I up!!!!!!!!!!! ğŸ˜¤ğŸ˜¤ğŸ˜¤ğŸ˜¤ğŸ˜¤ğŸ¤¦ğŸ¾â€â™‚ï¸ğŸ¤¦ğŸ¾â€â™‚ï¸ğŸ¤¦ğŸ¾â€â™‚ï¸ğŸ¤¦ğŸ¾â€â™‚ï¸ğŸ¤¦ğŸ¾â€â™‚ï¸,2020-10-03 13:08:48+00:00,iPhone,KingJames | iPhone,13,No,No,without Image/URL,0,Why am I up ,"{'neg': 0.0, 'neu': 1.0, 'pos': 0.0, 'compound': 0.0}",0.0,positive
KingJames,JEUDY!!!!!! Mossâ€™d,2020-10-02 01:04:11+00:00,iPhone,KingJames | iPhone,1,No,No,without Image/URL,0,JEUDY Moss d,"{'neg': 0.0, 'neu': 1.0, 'pos': 0.0, 'compound': 0.0}",0.0,positive
KingJames,@PatrickMahomes Facts bro! Tough,2020-10-02 00:32:42+00:00,iPhone,KingJames | iPhone,0,No,No,without Image/URL,0,@PatrickMahomes Facts bro Tough,"{'neg': 0.374, 'neu': 0.626, 'pos': 0.0, 'compound': -0.2003}",-0.2003,negative
KingJames,Helluva run by Darnold! The juke move once he got out the pocket was a RB elite move,2020-10-02 00:32:24+00:00,iPhone,KingJames | iPhone,0,No,No,without Image/URL,0,Helluva run by Darnold The juke move once he got out the pocket was a RB elite move,"{'neg': 0.0, 'neu': 1.0, 'pos': 0.0, 'compound': 0.0}",0.0,positive
KingJames,We see you Mr President.  Thank you!!! @Morethanavote #Blacklivesmatter https://t.co/4qqpVDgcto,2020-10-01 04:31:51+00:00,iPhone,KingJames | iPhone,4,No,Yes,without Image/URL,1,We see you Mr President Thank you @Morethanavote #Blacklivesmatter ,"{'neg': 0.0, 'neu': 0.727, 'pos': 0.273, 'compound': 0.5229}",0.5229,positive
KingJames,â¤ï¸â¤ï¸â¤ï¸â¤ï¸â¤ï¸â¤ï¸â¤ï¸â¤ï¸â¤ï¸â¤ï¸â¤ï¸â¤ï¸ https://t.co/MZUNNOpc9x,2020-09-30 22:56:50+00:00,iPhone,KingJames | iPhone,22,No,Yes,without Image/URL,0, ,"{'neg': 0.0, 'neu': 1.0, 'pos': 0.0, 'compound': 0.0}",0.0,positive
KingJames,PLEASE VOTE!!!!!ğŸ—³ @morethanavote,2020-09-30 03:16:17+00:00,iPhone,KingJames | iPhone,3,No,No,without Image/URL,0,PLEASE VOTE @morethanavote,"{'neg': 0.0, 'neu': 0.323, 'pos': 0.677, 'compound': 0.6371}",0.6371,positive
KingJames,Thank you to the legend @MichaelVick for joining our fight.  @Morethanavote #morethananathlete https://t.co/f34cftTirs,2020-09-28 20:26:54+00:00,iPhone,KingJames | iPhone,20,No,Yes,without Image/URL,1,Thank you to the legend @MichaelVick for joining our fight @Morethanavote #morethananathlete ,"{'neg': 0.161, 'neu': 0.683, 'pos': 0.155, 'compound': -0.0258}",-0.0258,negative
KingJames,#GoBrowns ğŸ™ğŸ¾.,2020-09-27 20:07:47+00:00,iPhone,KingJames | iPhone,20,No,No,without Image/URL,1,#GoBrowns ,"{'neg': 0.0, 'neu': 1.0, 'pos': 0.0, 'compound': 0.0}",0.0,positive
KingJames,â€¼ï¸â€¼ï¸â€¼ï¸â€¼ï¸â€¼ï¸â€¼ï¸ https://t.co/QA9F7lZ8Gm,2020-09-27 18:43:14+00:00,iPhone,KingJames | iPhone,18,No,Yes,without Image/URL,0, ,"{'neg': 0.0, 'neu': 1.0, 'pos': 0.0, 'compound': 0.0}",0.0,positive
KingJames,@pr_RWTW ğŸ¤ğŸ¾ğŸ‘‘,2020-09-27 16:24:35+00:00,iPhone,KingJames | iPhone,16,No,No,without Image/URL,0,@pr RWTW ,"{'neg': 0.0, 'neu': 1.0, 'pos': 0.0, 'compound': 0.0}",0.0,positive
KingJames,And thatâ€™s part of the reason why this was and so many other things I do is created for you @ALESHIAOCASIO to not only change the world around you but even more the world you maybe thought you couldnâ€™t reach as well! ğŸ™ğŸ¾ #MTAVâœŠğŸ¾ https://t.co/Jifr1ZsAvx,2020-09-26 22:05:28+00:00,iPhone,KingJames | iPhone,22,No,Yes,without Image/URL,1,And that s part of the reason why this was and so many other things I do is created for you @ALESHIAOCASIO to not only change the world around you but even more the world you maybe thought you couldn t reach as well #MTAV ,"{'neg': 0.0, 'neu': 0.88, 'pos': 0.12, 'compound': 0.5562}",0.5562,positive
KingJames,RT @LawyersComm: We partnered with @KingJames &amp; @morethanavote to raise awareness for the @866OURVOTE Election Protection Hotlineâ€”a numberâ€¦,2020-09-25 17:45:22+00:00,iPhone,KingJames | iPhone,17,No,No,without Image/URL,0,RT @LawyersComm We partnered with @KingJames amp @morethanavote to raise awareness for the @866OURVOTE Election Protection Hotline a number ,"{'neg': 0.0, 'neu': 1.0, 'pos': 0.0, 'compound': 0.0}",0.0,positive
KingJames,@CuffsTheLegend My favorite tag-team of All-Time bro!! Forever Hawk &amp; Animal,2020-09-24 02:21:01+00:00,iPhone,KingJames | iPhone,2,No,No,without Image/URL,0,@CuffsTheLegend My favorite tag team of All Time bro Forever Hawk amp Animal,"{'neg': 0.0, 'neu': 0.736, 'pos': 0.264, 'compound': 0.555}",0.555,positive
KingJames,"Mema Brinson, Deidra Norris, Pam Walker, Tanesha Walker, Chanelle Walker, Brenda Weems, Caddie Powers I LOVE YOU Queens!!! ğŸ–¤ğŸ–¤ğŸ–¤ğŸ–¤ğŸ–¤",2020-09-24 01:20:33+00:00,iPhone,KingJames | iPhone,1,No,No,without Image/URL,0,Mema Brinson Deidra Norris Pam Walker Tanesha Walker Chanelle Walker Brenda Weems Caddie Powers I LOVE YOU Queens ,"{'neg': 0.0, 'neu': 0.745, 'pos': 0.255, 'compound': 0.7788}",0.7788,positive
KingJames,"Grandma Freda, Gloria Marie, Savannah Rachael, Zhuri Ann Marie Nova I LOVE YOU MY BLACK QUEENS more than life itself!! ğŸ‘¸ğŸ¾ğŸ–¤ğŸ–¤ğŸ–¤ğŸ–¤",2020-09-24 01:18:17+00:00,iPhone,KingJames | iPhone,1,No,No,without Image/URL,0,Grandma Freda Gloria Marie Savannah Rachael Zhuri Ann Marie Nova I LOVE YOU MY BLACK QUEENS more than life itself ,"{'neg': 0.0, 'neu': 0.775, 'pos': 0.225, 'compound': 0.7592}",0.7592,positive
KingJames,The most DISRESPECTED person on earth is THE BLACK WOMAN! I promise you Iâ€™ll do my best to change this as much as I can and even more!! LOVE to you QUEENS all over this country and beyond! ğŸ‘¸ğŸ½ğŸ‘¸ğŸ¾ğŸ‘¸ğŸ¿â¤ï¸â¤ï¸â¤ï¸â¤ï¸â¤ï¸â¤ï¸â¤ï¸â¤ï¸â¤ï¸,2020-09-24 00:59:53+00:00,iPhone,KingJames | iPhone,0,No,No,without Image/URL,0,The most DISRESPECTED person on earth is THE BLACK WOMAN I promise you I ll do my best to change this as much as I can and even more LOVE to you QUEENS all over this country and beyond ,"{'neg': 0.081, 'neu': 0.661, 'pos': 0.258, 'compound': 0.871}",0.871,positive
KingJames,"my love to Breonna mother, family and 
friends! Iâ€™m sorry! Iâ€™m sorry! Iâ€™m sorry!! ğŸ˜”ğŸ˜”ğŸ¥ºğŸ¥ºğŸ˜¢ğŸ˜¢ğŸ˜¢ğŸ˜­ğŸ˜­ğŸ˜­",2020-09-24 00:57:00+00:00,iPhone,KingJames | iPhone,0,No,No,without Image/URL,0,my love to Breonna mother family and friends I m sorry I m sorry I m sorry ,"{'neg': 0.174, 'neu': 0.447, 'pos': 0.379, 'compound': 0.8209}",0.8209,positive
KingJames,"Iâ€™ve been lost for words today! Iâ€™m devastated, hurt, sad, mad! We want Justice for Breonna yet justice was met for her neighbors apartment walls and not her beautiful life. Was I surprised at the verdict. Absolutely not but damnit I was &amp; still am hurt and heavy hearted! I send",2020-09-24 00:57:00+00:00,iPhone,KingJames | iPhone,0,No,No,without Image/URL,0,I ve been lost for words today I m devastated hurt sad mad We want Justice for Breonna yet justice was met for her neighbors apartment walls and not her beautiful life Was I surprised at the verdict Absolutely not but damnit I was amp still am hurt and heavy hearted I send,"{'neg': 0.276, 'neu': 0.535, 'pos': 0.189, 'compound': -0.771}",-0.771,negative
KingJames,JUST SAY HER NAME https://t.co/NG6YO5TVSX,2020-09-24 00:49:44+00:00,iPhone,KingJames | iPhone,0,No,Yes,without Image/URL,0,JUST SAY HER NAME ,"{'neg': 0.0, 'neu': 1.0, 'pos': 0.0, 'compound': 0.0}",0.0,positive
KingJames,@AstronautKI I think that sounds about right! ğŸ¤·ğŸ¾â€â™‚ï¸,2020-09-23 16:24:36+00:00,iPhone,KingJames | iPhone,16,No,No,without Image/URL,0,@AstronautKI I think that sounds about right ,"{'neg': 0.0, 'neu': 1.0, 'pos': 0.0, 'compound': 0.0}",0.0,positive
KingJames,My guy showed up like Prince Akeem when he came to America!! Love to see it!  @DeionSanders ğŸ! https://t.co/RJgDVkByoZ,2020-09-21 19:51:12+00:00,iPhone,KingJames | iPhone,19,No,Yes,without Image/URL,0,My guy showed up like Prince Akeem when he came to America Love to see it @DeionSanders ,"{'neg': 0.0, 'neu': 0.684, 'pos': 0.316, 'compound': 0.8346}",0.8346,positive
KingJames,@CuffsTheLegend https://t.co/wGXg54IbaZ,2020-09-21 17:19:30+00:00,iPhone,KingJames | iPhone,17,Yes,Yes,with Image/URL,0,@CuffsTheLegend ,"{'neg': 0.0, 'neu': 1.0, 'pos': 0.0, 'compound': 0.0}",0.0,positive
KingJames,"Shop MTAV https://t.co/Dvi6DVGPHh ğŸ’¯ going to https://www.lawyers https://t.co/EEoKl6YNXYÂ 
Support Black voters, be a poll worker, and get in this election for real.Â Â #BlackLivesMatter #MoreThanaVote ğŸ‘‘ https://t.co/yks0EWJ3ro",2020-09-21 16:47:01+00:00,iPhone,KingJames | iPhone,16,No,Yes,without Image/URL,2,Shop MTAV Support Black voters be a poll worker and get in this election for real #BlackLivesMatter #MoreThanaVote ,"{'neg': 0.0, 'neu': 0.891, 'pos': 0.109, 'compound': 0.4019}",0.4019,positive
KingJames,HE DIFFERENT!!!! @AntDavis23 You Silly!! ğŸ¤£ğŸ¤£ğŸ¤£ğŸ¤£ğŸ¤£ https://t.co/w7WrjAre2Z,2020-09-21 03:07:27+00:00,iPhone,KingJames | iPhone,3,No,Yes,without Image/URL,0,HE DIFFERENT @AntDavis23 You Silly ,"{'neg': 0.0, 'neu': 0.726, 'pos': 0.274, 'compound': 0.3111}",0.3111,positive
KingJames,*are,2020-09-20 02:28:05+00:00,iPhone,KingJames | iPhone,2,No,No,without Image/URL,0, are,"{'neg': 0.0, 'neu': 1.0, 'pos': 0.0, 'compound': 0.0}",0.0,positive
KingJames,Exactly why I have my close circle cause as soon as you try to expand to a square the people who you thought was in your corner as the exact opposite. #MyThoughtsğŸ‘‘,2020-09-20 02:24:12+00:00,iPhone,KingJames | iPhone,2,No,No,without Image/URL,1,Exactly why I have my close circle cause as soon as you try to expand to a square the people who you thought was in your corner as the exact opposite #MyThoughts,"{'neg': 0.0, 'neu': 0.927, 'pos': 0.073, 'compound': 0.3182}",0.3182,positive
KingJames,ğŸ¤£ğŸ¤£16 out of 101 ğŸ—³! Ok cool! I got yâ€™all.,2020-09-19 04:36:17+00:00,iPhone,KingJames | iPhone,4,No,No,without Image/URL,0,16 out of 101 Ok cool I got y all ,"{'neg': 0.0, 'neu': 0.579, 'pos': 0.421, 'compound': 0.6229}",0.6229,positive
KingJames,@DwightHoward &amp; Doe was flat out AMAZING tonight!!! Big Time âœŠğŸ¾ğŸ’ªğŸ¾,2020-09-19 04:23:09+00:00,iPhone,KingJames | iPhone,4,No,No,without Image/URL,0,@DwightHoward amp Doe was flat out AMAZING tonight Big Time ,"{'neg': 0.0, 'neu': 0.649, 'pos': 0.351, 'compound': 0.7513}",0.7513,positive
KingJames,Burrow is SPECIAL! He has the â€œITâ€ for sure.,2020-09-18 01:14:48+00:00,iPhone,KingJames | iPhone,1,No,No,without Image/URL,0,Burrow is SPECIAL He has the IT for sure ,"{'neg': 0.0, 'neu': 0.537, 'pos': 0.463, 'compound': 0.7206}",0.7206,positive
KingJames,Yessir!!! https://t.co/ZX5MFn1V1Z,2020-09-18 01:07:01+00:00,iPhone,KingJames | iPhone,1,No,Yes,without Image/URL,0,Yessir ,"{'neg': 0.0, 'neu': 1.0, 'pos': 0.0, 'compound': 0.0}",0.0,positive
KingJames,https://t.co/hfkYZaDXRC,2020-09-18 01:06:47+00:00,iPhone,KingJames | iPhone,1,Yes,Yes,with Image/URL,0,,"{'neg': 0.0, 'neu': 1.0, 'pos': 0.0, 'compound': 0.0}",0.0,positive
KingJames,Helluva pitch and catch!!!!! Baker to OBJ! Yessir,2020-09-18 01:02:10+00:00,iPhone,KingJames | iPhone,1,No,No,without Image/URL,0,Helluva pitch and catch Baker to OBJ Yessir,"{'neg': 0.0, 'neu': 1.0, 'pos': 0.0, 'compound': 0.0}",0.0,positive
KingJames,@pr_RWTW FACTS!!!! Simply 1 of a kind! True King,2020-09-17 23:36:47+00:00,iPhone,KingJames | iPhone,23,No,No,without Image/URL,0,@pr RWTW FACTS Simply 1 of a kind True King,"{'neg': 0.0, 'neu': 0.404, 'pos': 0.596, 'compound': 0.811}",0.811,positive
KingJames,ğŸ™ğŸ¾ https://t.co/WK3O39P5GC,2020-09-17 20:56:23+00:00,iPhone,KingJames | iPhone,20,No,Yes,without Image/URL,0, ,"{'neg': 0.0, 'neu': 1.0, 'pos': 0.0, 'compound': 0.0}",0.0,positive
KingJames,RT @Sifill_LDF: The first PSA for our collaboration with @morethanavote  to recruit new poll workers for our communities dropped today! Proâ€¦,2020-09-17 15:07:14+00:00,iPhone,KingJames | iPhone,15,No,No,without Image/URL,0,RT @Sifill LDF The first PSA for our collaboration with @morethanavote to recruit new poll workers for our communities dropped today Pro ,"{'neg': 0.0, 'neu': 1.0, 'pos': 0.0, 'compound': 0.0}",0.0,positive
KingJames,RT @frntofficesport: More Than A Vote â€” an initiative started by a group of athletes led by LeBron James â€”Â has partnered with Live Nation tâ€¦,2020-09-16 18:12:28+00:00,iPhone,KingJames | iPhone,18,No,No,without Image/URL,0,RT @frntofficesport More Than A Vote an initiative started by a group of athletes led by LeBron James has partnered with Live Nation t ,"{'neg': 0.0, 'neu': 1.0, 'pos': 0.0, 'compound': 0.0}",0.0,positive
KingJames,"RT @attn: ""We need you join us and vote like our lives depend on it. Because they do."" - @kingjames #VOMO @abcnetwork @whenweallvote @moretâ€¦",2020-09-15 03:18:35+00:00,iPhone,KingJames | iPhone,3,No,No,without Image/URL,1,RT @attn We need you join us and vote like our lives depend on it Because they do @kingjames #VOMO @abcnetwork @whenweallvote @moret ,"{'neg': 0.0, 'neu': 0.817, 'pos': 0.183, 'compound': 0.5719}",0.5719,positive
KingJames,Waking up excited as hell for NFL Football Sunday Week 1!!! All day long Iâ€™ll be watching. Letâ€™s go @Browns!! #DoggPound ğŸ¶,2020-09-13 15:10:26+00:00,iPhone,KingJames | iPhone,15,No,No,without Image/URL,1,Waking up excited as hell for NFL Football Sunday Week 1 All day long I ll be watching Let s go @Browns #DoggPound ,"{'neg': 0.212, 'neu': 0.699, 'pos': 0.088, 'compound': -0.6562}",-0.6562,negative
KingJames,GREAT COMEBACK!! Congrats @naomiosaka! ğŸ™ğŸ¾âœŠğŸ¾,2020-09-12 22:16:54+00:00,iPhone,KingJames | iPhone,22,No,No,without Image/URL,0,GREAT COMEBACK Congrats @naomiosaka ,"{'neg': 0.0, 'neu': 0.248, 'pos': 0.752, 'compound': 0.8781}",0.8781,positive
KingJames,Same ğŸ’© different day that feels the same. #JustThoughts ğŸ’­,2020-09-12 02:03:03+00:00,iPhone,KingJames | iPhone,2,No,No,without Image/URL,1,Same different day that feels the same #JustThoughts ,"{'neg': 0.0, 'neu': 1.0, 'pos': 0.0, 'compound': 0.0}",0.0,positive
KingJames,Congrats bro!!! Proud of you @jalenramsey!! Now dinner and wine on next time. ğŸ¤£ğŸ¤£ğŸ¤·ğŸ¾â€â™‚ï¸ https://t.co/AA04yLCgad,2020-09-09 14:15:53+00:00,iPhone,KingJames | iPhone,14,No,Yes,without Image/URL,0,Congrats bro Proud of you @jalenramsey Now dinner and wine on next time ,"{'neg': 0.0, 'neu': 0.629, 'pos': 0.371, 'compound': 0.8257}",0.8257,positive
KingJames,@JaredDudley619 Or wow I didnâ€™t even know that! Coach Mo is absolutely right! Thatâ€™s ridiculous ğŸ¤¦ğŸ¾â€â™‚ï¸,2020-09-04 23:27:30+00:00,iPhone,KingJames | iPhone,23,No,No,without Image/URL,0,@JaredDudley619 Or wow I didn t even know that Coach Mo is absolutely right That s ridiculous ,"{'neg': 0.137, 'neu': 0.645, 'pos': 0.218, 'compound': 0.3859}",0.3859,positive
KingJames,This amazing lady is out working!!! Everyone listen up to the Queen.  We need you in this with us!  @Morethanavote ğŸ‘‘ https://t.co/8IlWSgM2of,2020-09-03 23:07:35+00:00,iPhone,KingJames | iPhone,23,No,Yes,without Image/URL,0,This amazing lady is out working Everyone listen up to the Queen We need you in this with us @Morethanavote ,"{'neg': 0.0, 'neu': 0.801, 'pos': 0.199, 'compound': 0.7156}",0.7156,positive
KingJames,@RealJayWilliams Explain to me what the fux I gotta do with this subject matter! Iâ€™m over here minding my damn business preparing for Houston. And by the way I ainâ€™t never been nobody but my damn self! ğŸ‘‘ Shit!,2020-09-03 18:02:14+00:00,iPhone,KingJames | iPhone,18,No,No,without Image/URL,0,@RealJayWilliams Explain to me what the fux I gotta do with this subject matter I m over here minding my damn business preparing for Houston And by the way I ain t never been nobody but my damn self Shit ,"{'neg': 0.253, 'neu': 0.724, 'pos': 0.024, 'compound': -0.9027}",-0.9027,negative
KingJames,@313MannyHarris Congrats bro!! Beautiful thing it is. ğŸ™ğŸ¾âœŠğŸ¾,2020-09-02 15:36:59+00:00,iPhone,KingJames | iPhone,15,No,No,without Image/URL,0,@313MannyHarris Congrats bro Beautiful thing it is ,"{'neg': 0.0, 'neu': 0.432, 'pos': 0.568, 'compound': 0.8353}",0.8353,positive
KingJames,"Today is National Poll Worker Recruitment Day.Â Â More to come, but our community needs poll workers on Election Day.Â Â @Morethanavote and @NAACP_LDF is partnering on national campaign to recruit. You can sign up at https://t.co/T8WdsO25mX #BlackLivesMatter",2020-09-01 22:19:17+00:00,iPhone,KingJames | iPhone,22,No,Yes,without Image/URL,1,Today is National Poll Worker Recruitment Day More to come but our community needs poll workers on Election Day @Morethanavote and @NAACP LDF is partnering on national campaign to recruit You can sign up at ,"{'neg': 0.0, 'neu': 1.0, 'pos': 0.0, 'compound': 0.0}",0.0,positive
KingJames,CP3!!!!!!! Put some respect on his name and more!,2020-09-01 03:52:57+00:00,iPhone,KingJames | iPhone,3,No,No,without Image/URL,0,CP3 Put some respect on his name and more ,"{'neg': 0.0, 'neu': 0.652, 'pos': 0.348, 'compound': 0.6449}",0.6449,positive
KingJames,RT @ItsOnATT: â€œThe most important thing you have is timeâ€¦ every day you have to put some time into becoming who youâ€™re supposed to become.â€â€¦,2020-08-31 20:32:53+00:00,iPhone,KingJames | iPhone,20,No,No,without Image/URL,0,RT @ItsOnATT The most important thing you have is time every day you have to put some time into becoming who you re supposed to become ,"{'neg': 0.0, 'neu': 0.92, 'pos': 0.08, 'compound': 0.2716}",0.2716,positive
KingJames,FACTS!!!! And proud as hell of my brother @carmeloanthony doing what he did on his return!! ğŸ™ğŸ¾âœŠğŸ¾ https://t.co/D169bP6UFY,2020-08-30 06:05:06+00:00,iPhone,KingJames | iPhone,6,No,Yes,without Image/URL,0,FACTS And proud as hell of my brother @carmeloanthony doing what he did on his return ,"{'neg': 0.232, 'neu': 0.643, 'pos': 0.125, 'compound': -0.5673}",-0.5673,negative
KingJames,Homecourt!!! Change isnâ€™t made sitting on the sidelines ğŸ™ğŸ¾âœŠğŸ¾ğŸ‘‘@morethanavote #BlackLivesMatter https://t.co/1kRZsA2Yrs,2020-08-29 23:34:34+00:00,iPhone,KingJames | iPhone,23,No,Yes,without Image/URL,1,Homecourt Change isn t made sitting on the sidelines @morethanavote #BlackLivesMatter ,"{'neg': 0.0, 'neu': 1.0, 'pos': 0.0, 'compound': 0.0}",0.0,positive
KingJames,RT @morethanavote: Theyâ€™ll use every trick in the book to try to stop us from voting but we wonâ€™t fall for the okey-doke. If youâ€™re in Detrâ€¦,2020-08-27 20:03:04+00:00,iPhone,KingJames | iPhone,20,No,No,without Image/URL,0,RT @morethanavote They ll use every trick in the book to try to stop us from voting but we won t fall for the okey doke If you re in Detr ,"{'neg': 0.097, 'neu': 0.903, 'pos': 0.0, 'compound': -0.1779}",-0.1779,negative
KingJames,"Change doesnâ€™t happen with just talk!! It happens with action and needs to happen NOW! For my @IPROMISESchool kids, kids and communities across the country, itâ€™s on US to make a difference. Together. That's why your vote is @morethanavote âœŠğŸ¾ #BlackLivesMatter",2020-08-27 16:33:35+00:00,iPhone,KingJames | iPhone,16,No,No,without Image/URL,1,Change doesn t happen with just talk It happens with action and needs to happen NOW For my @IPROMISESchool kids kids and communities across the country it s on US to make a difference Together That's why your vote is @morethanavote #BlackLivesMatter,"{'neg': 0.0, 'neu': 1.0, 'pos': 0.0, 'compound': 0.0}",0.0,positive
KingJames,FUCK THIS MAN!!!! WE DEMAND CHANGE. SICK OF IT,2020-08-26 20:37:27+00:00,iPhone,KingJames | iPhone,20,No,No,without Image/URL,0,FUCK THIS MAN WE DEMAND CHANGE SICK OF IT,"{'neg': 0.612, 'neu': 0.388, 'pos': 0.0, 'compound': -0.858}",-0.858,negative
KingJames,They ainâ€™t even wearing mask anymore! https://t.co/8dNemaZaO9,2020-08-26 19:13:56+00:00,iPhone,KingJames | iPhone,19,No,Yes,without Image/URL,0,They ain t even wearing mask anymore ,"{'neg': 0.0, 'neu': 1.0, 'pos': 0.0, 'compound': 0.0}",0.0,positive
KingJames,RT @mavcarter: These are FACTS!! Covid hits us harder.Â Â We canâ€™t ask our parents and grandparents to work the polls.Â Â Those of us with inflâ€¦,2020-08-24 21:48:32+00:00,iPhone,KingJames | iPhone,21,No,No,without Image/URL,0,RT @mavcarter These are FACTS Covid hits us harder We can t ask our parents and grandparents to work the polls Those of us with infl ,"{'neg': 0.0, 'neu': 1.0, 'pos': 0.0, 'compound': 0.0}",0.0,positive
KingJames,"And yâ€™all wonder why we say what we say about the Police!! Someone please tell me WTF is this???!!! Exactly another black man being targeted. This shit is so wrong and so sad!! Feel so sorry for him, his family and OUR PEOPLE!! We want JUSTICE https://t.co/cJxOj1EZ3H",2020-08-24 19:30:00+00:00,iPhone,KingJames | iPhone,19,No,Yes,without Image/URL,0,And y all wonder why we say what we say about the Police Someone please tell me WTF is this Exactly another black man being targeted This shit is so wrong and so sad Feel so sorry for him his family and OUR PEOPLE We want JUSTICE ,"{'neg': 0.281, 'neu': 0.6, 'pos': 0.119, 'compound': -0.9097}",-0.9097,negative
KingJames,@morethanavote ğŸ™ğŸ¾ğŸ’ªğŸ¾âœŠğŸ¾ğŸ‘‘ https://t.co/1mkxugg27E,2020-08-24 18:20:18+00:00,iPhone,KingJames | iPhone,18,No,Yes,without Image/URL,0,@morethanavote ,"{'neg': 0.0, 'neu': 1.0, 'pos': 0.0, 'compound': 0.0}",0.0,positive
KingJames,ğŸ—£ğŸ—£ğŸ—£ğŸ—£ğŸ—£ğŸ‘‚ğŸ¾ğŸ‘‚ğŸ¾ğŸ‘‚ğŸ¾ğŸ‘‚ğŸ¾ https://t.co/PxUOOLijcj,2020-08-24 02:13:49+00:00,iPhone,KingJames | iPhone,2,No,Yes,without Image/URL,0, ,"{'neg': 0.0, 'neu': 1.0, 'pos': 0.0, 'compound': 0.0}",0.0,positive
KingJames,So ğŸ”¥ğŸ”¥ğŸ”¥ğŸ”¥ğŸ”¥ğŸ”¥ğŸ”¥ğŸ”¥ğŸ”¥!!!! Man o Man. The Firm swag and Aura was mean!!! @Nas ğŸ™ğŸ¾ğŸ’ªğŸ¾ğŸ‘‘ https://t.co/X9FXTMqnJH,2020-08-24 02:11:04+00:00,iPhone,KingJames | iPhone,2,No,Yes,without Image/URL,0,So Man o Man The Firm swag and Aura was mean @Nas ,"{'neg': 0.0, 'neu': 1.0, 'pos': 0.0, 'compound': 0.0}",0.0,positive
KingJames,BANG BANG!! In my *Mike Breen voice,2020-08-23 22:36:32+00:00,iPhone,KingJames | iPhone,22,No,No,without Image/URL,0,BANG BANG In my Mike Breen voice,"{'neg': 0.0, 'neu': 1.0, 'pos': 0.0, 'compound': 0.0}",0.0,positive
KingJames,And he still tryna post me up on the block too! This guy man! ğŸ¤£ğŸ¤£ğŸ¤£ğŸ¤£ @carmeloanthony https://t.co/3sB2WD9oRw,2020-08-23 07:18:07+00:00,iPhone,KingJames | iPhone,7,No,Yes,without Image/URL,0,And he still tryna post me up on the block too This guy man @carmeloanthony ,"{'neg': 0.179, 'neu': 0.821, 'pos': 0.0, 'compound': -0.5399}",-0.5399,negative
KingJames,Yo I literally listening to â€œThe Cureâ€  from the time I got to arena at 6pm EST til I left around 12am or so. https://t.co/oHIAdtZ9CB,2020-08-23 07:13:54+00:00,iPhone,KingJames | iPhone,7,No,Yes,without Image/URL,0,Yo I literally listening to The Cure from the time I got to arena at 6pm EST til I left around 12am or so ,"{'neg': 0.0, 'neu': 1.0, 'pos': 0.0, 'compound': 0.0}",0.0,positive
KingJames,@RomeTrav PREACH my brother!!! ğŸ—£ğŸ—£ğŸ—£,2020-08-21 21:49:01+00:00,iPhone,KingJames | iPhone,21,No,No,without Image/URL,0,@RomeTrav PREACH my brother ,"{'neg': 0.0, 'neu': 1.0, 'pos': 0.0, 'compound': 0.0}",0.0,positive
KingJames,So PROUD to call them FAMILY!!! ğŸ’›ğŸ’™ğŸ™ğŸ¾ğŸ‘‘ https://t.co/dtA0Yt5TI5,2020-08-21 16:35:54+00:00,iPhone,KingJames | iPhone,16,No,Yes,without Image/URL,0,So PROUD to call them FAMILY ,"{'neg': 0.0, 'neu': 0.583, 'pos': 0.417, 'compound': 0.7186}",0.7186,positive
KingJames,"Secondly, Nobody should be able to use my name (or anyone else name) to lie and deceive about the election. Not sure what we can do legally but definitely trying to figure it out! #StayWoke #LoveMyPeopleâœŠğŸ¾",2020-08-21 15:55:20+00:00,iPhone,KingJames | iPhone,15,No,No,without Image/URL,2,Secondly Nobody should be able to use my name or anyone else name to lie and deceive about the election Not sure what we can do legally but definitely trying to figure it out #StayWoke #LoveMyPeople,"{'neg': 0.083, 'neu': 0.793, 'pos': 0.125, 'compound': 0.4041}",0.4041,positive
KingJames,"First of all, Everyone needs to know the kind of BS happening about this election and get organized. This is exactly why we coming together for @morethanavote misinformation=suppression!

https://t.co/4I5qGux4I7",2020-08-21 15:55:20+00:00,iPhone,KingJames | iPhone,15,No,Yes,without Image/URL,0,First of all Everyone needs to know the kind of BS happening about this election and get organized This is exactly why we coming together for @morethanavote misinformation suppression ,"{'neg': 0.0, 'neu': 1.0, 'pos': 0.0, 'compound': 0.0}",0.0,positive
KingJames,So AMAZING!!!! Wow wow wow ğŸ¤©. THANK YOU SO MUCH! Means so much to my kids and their families at the @IPROMISESchool â¤ï¸â¤ï¸â¤ï¸â¤ï¸â¤ï¸ https://t.co/gbdHRiAH61,2020-08-20 00:09:26+00:00,iPhone,KingJames | iPhone,0,No,Yes,without Image/URL,0,So AMAZING Wow wow wow THANK YOU SO MUCH Means so much to my kids and their families at the @IPROMISESchool ,"{'neg': 0.0, 'neu': 0.546, 'pos': 0.454, 'compound': 0.9559}",0.9559,positive
KingJames,Man that was BOGUS AS HELL MAN!!!!! Cmon man. ğŸ¤¦ğŸ¾â€â™‚ï¸,2020-08-18 02:44:13+00:00,iPhone,KingJames | iPhone,2,No,No,without Image/URL,0,Man that was BOGUS AS HELL MAN Cmon man ,"{'neg': 0.419, 'neu': 0.581, 'pos': 0.0, 'compound': -0.8177}",-0.8177,negative
KingJames,"RT @TheUndefeated: Exclusive: The first collective statement from the @morethanavote coalition, which is focused on fighting voter suppressâ€¦",2020-08-17 14:42:15+00:00,iPhone,KingJames | iPhone,14,No,No,without Image/URL,0,RT @TheUndefeated Exclusive The first collective statement from the @morethanavote coalition which is focused on fighting voter suppress ,"{'neg': 0.116, 'neu': 0.694, 'pos': 0.19, 'compound': 0.1531}",0.1531,positive
KingJames,"To every NBA fan ready to watch playoffs, please take a minute to read this letter and consider our call to action. Black, brown, white, this fight is real and you canâ€™t sit on the sidelines.  @morethanavote #BlackLivesMatter https://t.co/MoXgTWlcGS",2020-08-17 14:42:04+00:00,iPhone,KingJames | iPhone,14,No,Yes,without Image/URL,1,To every NBA fan ready to watch playoffs please take a minute to read this letter and consider our call to action Black brown white this fight is real and you can t sit on the sidelines @morethanavote #BlackLivesMatter ,"{'neg': 0.068, 'neu': 0.771, 'pos': 0.161, 'compound': 0.4767}",0.4767,positive
KingJames,Great heavyweight fight!! #UFC252 #TeamStipe #HomeTeamRep ğŸ™ğŸ¾ğŸ’ªğŸ¾ğŸ‘‘,2020-08-16 04:53:45+00:00,iPhone,KingJames | iPhone,4,No,No,without Image/URL,3,Great heavyweight fight #UFC252 #TeamStipe #HomeTeamRep ,"{'neg': 0.212, 'neu': 0.407, 'pos': 0.381, 'compound': 0.4738}",0.4738,positive
KingJames,Bumping Nip All Day Long/Night!! Happy G-Day! I know you gone have one helluva shindig in Paradise today! ğŸ™ŒğŸ¾ğŸ’™ #TMCğŸ,2020-08-15 19:14:00+00:00,iPhone,KingJames | iPhone,19,No,No,without Image/URL,1,Bumping Nip All Day Long Night Happy G Day I know you gone have one helluva shindig in Paradise today #TMC,"{'neg': 0.0, 'neu': 0.652, 'pos': 0.348, 'compound': 0.877}",0.877,positive
KingJames,Suga stay laced with that ğŸ‘‘ kick ğŸ”¥ğŸ”¥ğŸ”¥ğŸ”¥ğŸ”¥ğŸ”¥ğŸ”¥!! @14Sugar ğŸ™ğŸ¾ğŸ’ªğŸ¾ğŸ‘¸ğŸ¾ https://t.co/vd6nvrzxQQ,2020-08-15 03:35:58+00:00,iPhone,KingJames | iPhone,3,No,Yes,without Image/URL,0,Suga stay laced with that kick @14Sugar ,"{'neg': 0.0, 'neu': 1.0, 'pos': 0.0, 'compound': 0.0}",0.0,positive
KingJames,Is ğŸ”¥ğŸ”¥ğŸ”¥ğŸ”¥ğŸ”¥ğŸ”¥ğŸ”¥ğŸ”¥ğŸ”¥ğŸ”¥ğŸ”¥ ğŸ¬ ğŸ¬ğŸ¬ğŸ¬ğŸ¬ https://t.co/Bt9dSdnUrR,2020-08-14 23:34:40+00:00,iPhone,KingJames | iPhone,23,No,Yes,without Image/URL,0,Is ,"{'neg': 0.0, 'neu': 1.0, 'pos': 0.0, 'compound': 0.0}",0.0,positive
KingJames,"Thank you to everyone who participated and donated!! ğŸ™ğŸ¾â¤ï¸ @Walmart @FeedingAmerica But the work is never done. To continue supporting your local food bank, you can head to https://t.co/4M4cA2oEcY ğŸ‘‘ https://t.co/56wNWi44eH",2020-08-14 17:06:20+00:00,iPhone,KingJames | iPhone,17,No,Yes,without Image/URL,0,Thank you to everyone who participated and donated @Walmart @FeedingAmerica But the work is never done To continue supporting your local food bank you can head to ,"{'neg': 0.0, 'neu': 0.824, 'pos': 0.176, 'compound': 0.717}",0.717,positive
KingJames,Not 1 lie told! You said it and I response was just that! ğŸ™ğŸ¾ https://t.co/ak4NmFRywD,2020-08-14 01:40:27+00:00,iPhone,KingJames | iPhone,1,No,Yes,without Image/URL,0,Not 1 lie told You said it and I response was just that ,"{'neg': 0.0, 'neu': 1.0, 'pos': 0.0, 'compound': 0.0}",0.0,positive
KingJames,ğŸ‘€ğŸ‘‘ğŸ™ğŸ¾ https://t.co/e8iOFE0SAI,2020-08-13 22:34:16+00:00,iPhone,KingJames | iPhone,22,No,Yes,without Image/URL,0, ,"{'neg': 0.0, 'neu': 1.0, 'pos': 0.0, 'compound': 0.0}",0.0,positive
KingJames,RT @JeffPassan: News at ESPN: LeBron James and the Los Angeles Dodgers have teamed up to turn Dodger Stadium into a polling place for the Nâ€¦,2020-08-13 22:22:27+00:00,iPhone,KingJames | iPhone,22,No,No,without Image/URL,0,RT @JeffPassan News at ESPN LeBron James and the Los Angeles Dodgers have teamed up to turn Dodger Stadium into a polling place for the N ,"{'neg': 0.0, 'neu': 1.0, 'pos': 0.0, 'compound': 0.0}",0.0,positive
KingJames,Thank you @Dodgers and @DAVIDprice24 for bringing MLB into this important initiative.Â Â Who got next?Â Â @Morethanavote #BlackLivesMatter https://t.co/qYAUY30T3M,2020-08-13 22:22:12+00:00,iPhone,KingJames | iPhone,22,No,Yes,without Image/URL,1,Thank you @Dodgers and @DAVIDprice24 for bringing MLB into this important initiative Who got next @Morethanavote #BlackLivesMatter ,"{'neg': 0.0, 'neu': 0.78, 'pos': 0.22, 'compound': 0.5423}",0.5423,positive
KingJames,"RT @TheSpringHillCo: #StriveForGreatness ğŸ†

Thank you to all our incredible partners at @HBO, Sutter Road, Fuqua Films, @Zipper, @Authenticâ€¦",2020-08-12 02:29:40+00:00,iPhone,KingJames | iPhone,2,No,No,without Image/URL,1,RT @TheSpringHillCo #StriveForGreatness Thank you to all our incredible partners at @HBO Sutter Road Fuqua Films @Zipper @Authentic ,"{'neg': 0.0, 'neu': 0.872, 'pos': 0.128, 'compound': 0.3612}",0.3612,positive
KingJames,Yessir!!!!!!! @mavcarter @TheSpringHillCo. ğŸ™ŒğŸ¾ğŸ™ŒğŸ¾ğŸ™ŒğŸ¾ğŸ™ŒğŸ¾ğŸ™ŒğŸ¾. Congrats to the whole team! Love this project from the time we received it. WOW!! ğŸ™ğŸ¾âœŠğŸ¾ğŸ‘‘ https://t.co/fcbhJQCLKJ,2020-08-12 02:28:32+00:00,iPhone,KingJames | iPhone,2,No,Yes,without Image/URL,0,Yessir @mavcarter @TheSpringHillCo Congrats to the whole team Love this project from the time we received it WOW ,"{'neg': 0.0, 'neu': 0.575, 'pos': 0.425, 'compound': 0.936}",0.936,positive
KingJames,That was AMAZING!!!!!!!! S/O the Suns for that. Damn I miss my family! ğŸ˜¢ğŸ˜¢ğŸ˜¢â¤ï¸â¤ï¸ #JamesGangğŸ‘‘ https://t.co/SSA8Dknpn3,2020-08-11 20:53:52+00:00,iPhone,KingJames | iPhone,20,No,Yes,without Image/URL,1,That was AMAZING S O the Suns for that Damn I miss my family #JamesGang ,"{'neg': 0.296, 'neu': 0.704, 'pos': 0.0, 'compound': -0.6671}",-0.6671,negative
KingJames,ğŸ‘ğŸ¾ğŸ™ŒğŸ¾ğŸ‘ğŸ¾ğŸ™ŒğŸ¾âœŠğŸ¾Congrats and well deserved Sen. Kamala Harris!! Love to see and support it! Appreciate you JB https://t.co/OErXQ5TqQL,2020-08-11 20:51:15+00:00,iPhone,KingJames | iPhone,20,No,Yes,without Image/URL,0,Congrats and well deserved Sen Kamala Harris Love to see and support it Appreciate you JB ,"{'neg': 0.0, 'neu': 0.508, 'pos': 0.492, 'compound': 0.9114}",0.9114,positive
KingJames,NEVER FORGET AND NEVER WILL LET UP UNTIL JUSTICE IS SERVED!!!!!!!!! https://t.co/DaKX4Q7F5q,2020-08-11 05:40:49+00:00,iPhone,KingJames | iPhone,5,No,Yes,without Image/URL,0,NEVER FORGET AND NEVER WILL LET UP UNTIL JUSTICE IS SERVED ,"{'neg': 0.0, 'neu': 0.571, 'pos': 0.429, 'compound': 0.8181}",0.8181,positive
KingJames,Thank you @JocelynBenson @FrankLaRose @SecretaryWay @beckerdavidj @ PamAndJeffco for partnering with us.  #votersuppression #protecthomecourt @morethanavote https://t.co/ZbPY1B14yM,2020-08-10 17:57:25+00:00,iPhone,KingJames | iPhone,17,No,Yes,without Image/URL,2,Thank you @JocelynBenson @FrankLaRose @SecretaryWay @beckerdavidj @ PamAndJeffco for partnering with us #votersuppression #protecthomecourt @morethanavote ,"{'neg': 0.0, 'neu': 0.848, 'pos': 0.152, 'compound': 0.3612}",0.3612,positive
KingJames,For sure!!! Team tough. Need that Madden 21 though ASAP in this bubble. ğŸ‘‘ğŸ‘€ https://t.co/YVdUTrG3p8,2020-08-07 21:27:54+00:00,iPhone,KingJames | iPhone,21,No,Yes,without Image/URL,0,For sure Team tough Need that Madden 21 though ASAP in this bubble ,"{'neg': 0.085, 'neu': 0.735, 'pos': 0.18, 'compound': 0.3971}",0.3971,positive
KingJames,Will send end of week 7 updates after tonightâ€™s games. ğŸˆ ğŸ® https://t.co/WRhASRygdx,2020-08-07 20:57:52+00:00,iPhone,KingJames | iPhone,20,No,Yes,without Image/URL,0,Will send end of week 7 updates after tonight s games ,"{'neg': 0.0, 'neu': 1.0, 'pos': 0.0, 'compound': 0.0}",0.0,positive
KingJames,"ğŸ¤¦ğŸ¾â€â™‚ï¸!!! Mistaken a SUV for a stolen motorcycle????? Huh, What, how??? Explain that me. You know what donâ€™t even try cause I already know. Exactly what you said LP! INCORRECT SYSTEMIC POLICING BEHAVIOR!!!!!! https://t.co/qJkGzVmjH9",2020-08-05 17:06:03+00:00,iPhone,KingJames | iPhone,17,No,Yes,without Image/URL,0, Mistaken a SUV for a stolen motorcycle Huh What how Explain that me You know what don t even try cause I already know Exactly what you said LP INCORRECT SYSTEMIC POLICING BEHAVIOR ,"{'neg': 0.213, 'neu': 0.787, 'pos': 0.0, 'compound': -0.8329}",-0.8329,negative
KingJames,Happy Bday to my President and my friend @BarackObama!! Love ğŸ™ğŸ¾âœŠğŸ¾ğŸ‘‘ https://t.co/gqH37R7avE,2020-08-04 22:18:08+00:00,iPhone,KingJames | iPhone,22,No,Yes,without Image/URL,0,Happy Bday to my President and my friend @BarackObama Love ,"{'neg': 0.0, 'neu': 0.435, 'pos': 0.565, 'compound': 0.9133}",0.9133,positive
KingJames,@RomeTrav Super fresh my guy!!,2020-08-04 18:52:22+00:00,iPhone,KingJames | iPhone,18,No,No,without Image/URL,0,@RomeTrav Super fresh my guy ,"{'neg': 0.0, 'neu': 0.307, 'pos': 0.693, 'compound': 0.7772}",0.7772,positive
KingJames,ğŸ¤£ğŸ¤£ğŸ¤£ğŸ¤£ğŸ¤£ğŸ¤£!! Bro that was classic content there!! #DonCorleone https://t.co/v0yE8PQRH6,2020-08-03 22:25:29+00:00,iPhone,KingJames | iPhone,22,No,Yes,without Image/URL,1, Bro that was classic content there #DonCorleone ,"{'neg': 0.0, 'neu': 1.0, 'pos': 0.0, 'compound': 0.0}",0.0,positive
KingJames,"RT @AlexKennedyNBA: LeBron James wrote a children's book titled ""I PROMISE"" that will be available on August 11, 2020. LeBron has a two-booâ€¦",2020-08-03 15:16:46+00:00,iPhone,KingJames | iPhone,15,No,No,without Image/URL,0,RT @AlexKennedyNBA LeBron James wrote a children's book titled I PROMISE that will be available on August 11 2020 LeBron has a two boo ,"{'neg': 0.0, 'neu': 0.868, 'pos': 0.132, 'compound': 0.4648}",0.4648,positive
KingJames,SHEESH is right!!!!!! ğŸ‘€ğŸ”¥ğŸ”¥ğŸ”¥ğŸ”¥ğŸ”¥ğŸ”¥ https://t.co/dAmhGG45JQ,2020-08-01 00:02:39+00:00,iPhone,KingJames | iPhone,0,No,Yes,without Image/URL,0,SHEESH is right ,"{'neg': 0.0, 'neu': 1.0, 'pos': 0.0, 'compound': 0.0}",0.0,positive
KingJames,Ouch!! @sabrina_i20 Get healthy as soon as possible! ğŸ™ğŸ¾. Health is wealth,2020-07-31 23:51:01+00:00,iPhone,KingJames | iPhone,23,No,No,without Image/URL,0,Ouch @sabrina i20 Get healthy as soon as possible Health is wealth,"{'neg': 0.0, 'neu': 0.596, 'pos': 0.404, 'compound': 0.7767}",0.7767,positive
KingJames,RT @nikebasketball: Nothing can stop what we can do together #YouCantStopUs https://t.co/ixsqF2KMOQ,2020-07-30 20:21:10+00:00,iPhone,KingJames | iPhone,20,Yes,Yes,with Image/URL,1,RT @nikebasketball Nothing can stop what we can do together #YouCantStopUs ,"{'neg': 0.0, 'neu': 0.854, 'pos': 0.146, 'compound': 0.2235}",0.2235,positive
KingJames,"RT @Nike: Nothing can stop what we can do together. You canâ€™t stop sport. Because #YouCantStopUs.

Join Us | https://t.co/fQUWzDVH3q https:â€¦",2020-07-30 15:40:32+00:00,iPhone,KingJames | iPhone,15,No,Yes,without Image/URL,1,RT @Nike Nothing can stop what we can do together You can t stop sport Because #YouCantStopUs Join Us ,"{'neg': 0.0, 'neu': 0.74, 'pos': 0.26, 'compound': 0.6093}",0.6093,positive
KingJames,Powerful!!! Hope everyone reads this today. Rest In Peace John Lewis. We all must work to honor your legacy. ğŸ™ğŸ¾âœŠğŸ¾ğŸ‘‘ https://t.co/ImlBlrtRp8,2020-07-30 15:11:25+00:00,iPhone,KingJames | iPhone,15,No,Yes,without Image/URL,0,Powerful Hope everyone reads this today Rest In Peace John Lewis We all must work to honor your legacy ,"{'neg': 0.0, 'neu': 0.562, 'pos': 0.438, 'compound': 0.9228}",0.9228,positive
KingJames,RT @FLRightsRestore: We're thrilled to announce that Michael Jordan and the @Jumpman23  brand are donating $1 million to the @ficpfm to helâ€¦,2020-07-29 21:50:17+00:00,iPhone,KingJames | iPhone,21,No,No,without Image/URL,0,RT @FLRightsRestore We're thrilled to announce that Michael Jordan and the @Jumpman23 brand are donating 1 million to the @ficpfm to hel ,"{'neg': 0.0, 'neu': 0.879, 'pos': 0.121, 'compound': 0.4404}",0.4404,positive
KingJames,I CANNOT WAIT!!! @GMC ğŸ‘€ğŸ’ªğŸ¾ğŸ‘‘ https://t.co/Uzh8gIQRhx,2020-07-29 18:20:54+00:00,iPhone,KingJames | iPhone,18,Yes,Yes,with Image/URL,0,I CANNOT WAIT @GMC ,"{'neg': 0.0, 'neu': 1.0, 'pos': 0.0, 'compound': 0.0}",0.0,positive
KingJames,"If you guys want to learn more about what weâ€™re doing in Florida and how you can help, go check this out tonight. https://t.co/NHm7QVXCta",2020-07-26 18:26:55+00:00,iPhone,KingJames | iPhone,18,No,Yes,without Image/URL,0,If you guys want to learn more about what we re doing in Florida and how you can help go check this out tonight ,"{'neg': 0.0, 'neu': 0.846, 'pos': 0.154, 'compound': 0.4588}",0.4588,positive
KingJames,1st of many to come!!! Love our families who enter our doors!!! @IPROMISESchool Village ğŸ¢ https://t.co/7OJoC0omXt,2020-07-24 20:04:25+00:00,iPhone,KingJames | iPhone,20,No,Yes,without Image/URL,0,1st of many to come Love our families who enter our doors @IPROMISESchool Village ,"{'neg': 0.0, 'neu': 0.723, 'pos': 0.277, 'compound': 0.7482}",0.7482,positive
KingJames,Shoutout to my brother @ThisIsUD for leadership on this issue for all of us.  ğŸ™ğŸ¾âœŠğŸ¾â¤ï¸ğŸ‘‘,2020-07-24 19:30:09+00:00,iPhone,KingJames | iPhone,19,No,No,without Image/URL,0,Shoutout to my brother @ThisIsUD for leadership on this issue for all of us ,"{'neg': 0.0, 'neu': 1.0, 'pos': 0.0, 'compound': 0.0}",0.0,positive
KingJames,This is a fight about their constitutional right to vote being denied.Â Learn more about how you can help at https://t.co/ASKCSX9b9l. @morethanavote     https://t.co/LtGBRwo8LQ,2020-07-24 19:29:29+00:00,iPhone,KingJames | iPhone,19,No,Yes,without Image/URL,0,This is a fight about their constitutional right to vote being denied Learn more about how you can help at ,"{'neg': 0.202, 'neu': 0.699, 'pos': 0.099, 'compound': -0.4215}",-0.4215,negative
KingJames,"A must watch to understand what this man was fighting for 60 years!!! ğŸ™ğŸ¾ğŸ‘‘ The right to vote should not come with a price tag! @morethanavote #CivilRightsICON âœŠğŸ¾
 
https://t.co/xpnQkgogue",2020-07-24 18:45:00+00:00,iPhone,KingJames | iPhone,18,No,Yes,without Image/URL,1,A must watch to understand what this man was fighting for 60 years The right to vote should not come with a price tag @morethanavote #CivilRightsICON ,"{'neg': 0.124, 'neu': 0.876, 'pos': 0.0, 'compound': -0.5673}",-0.5673,negative
KingJames,@KDTrey5 ğŸ¤£ğŸ¤£ğŸ¤£ğŸ¤£ğŸ¤£ğŸ¤£ğŸ¤£ğŸ¤£ Yo I was going to check on you but figured you didnâ€™t wanna be bothered at the moment. ğŸ¥´ @KDTrey5,2020-07-23 19:09:19+00:00,iPhone,KingJames | iPhone,19,No,No,without Image/URL,0,@KDTrey5 Yo I was going to check on you but figured you didn t wanna be bothered at the moment @KDTrey5,"{'neg': 0.134, 'neu': 0.866, 'pos': 0.0, 'compound': -0.4497}",-0.4497,negative
KingJames,Now time to begin prepping for my night out of the town aka the Stage! ğŸ˜ğŸ‘‘,2020-07-23 17:44:47+00:00,iPhone,KingJames | iPhone,17,No,No,without Image/URL,0,Now time to begin prepping for my night out of the town aka the Stage ,"{'neg': 0.0, 'neu': 1.0, 'pos': 0.0, 'compound': 0.0}",0.0,positive
KingJames,Just waking back up from my pregame nap to see about The Washington Football team??? ğŸ¤£ğŸ¤£ğŸ¤£ğŸ¤£ğŸ¤£ğŸ¤£. Is that real?? No way! Oh man they had a thorough intense long board meeting about that one huh. ğŸ¥´ğŸ¤¦ğŸ¾â€â™‚ï¸,2020-07-23 17:43:45+00:00,iPhone,KingJames | iPhone,17,No,No,without Image/URL,0,Just waking back up from my pregame nap to see about The Washington Football team Is that real No way Oh man they had a thorough intense long board meeting about that one huh ,"{'neg': 0.091, 'neu': 0.874, 'pos': 0.034, 'compound': -0.4857}",-0.4857,negative
KingJames,ğŸ‘‘x ã€°ï¸ Mood. ğŸ˜¤ https://t.co/npcyCEDRJy,2020-07-23 17:25:59+00:00,iPhone,KingJames | iPhone,17,No,Yes,without Image/URL,0,x Mood ,"{'neg': 0.0, 'neu': 1.0, 'pos': 0.0, 'compound': 0.0}",0.0,positive
KingJames,Congrats @MalakiBranham!!! OH-IO ğŸŒ° https://t.co/Rx6hL9SuvO,2020-07-22 21:35:23+00:00,iPhone,KingJames | iPhone,21,No,Yes,without Image/URL,0,Congrats @MalakiBranham OH IO ,"{'neg': 0.0, 'neu': 0.412, 'pos': 0.588, 'compound': 0.6458}",0.6458,positive
KingJames,ğŸ‘€ğŸ™ğŸ¾âœŠğŸ¾ https://t.co/iLMvBUM0IX,2020-07-22 16:24:13+00:00,iPhone,KingJames | iPhone,16,No,Yes,without Image/URL,0, ,"{'neg': 0.0, 'neu': 1.0, 'pos': 0.0, 'compound': 0.0}",0.0,positive
KingJames,Go get em Queen! We need your voice and your leadership more than ever.  Good luck tonight and every night! ğŸ™ğŸ¾â¤ï¸âœŠğŸ¾ https://t.co/bJB1Qlxmy4,2020-07-20 22:21:08+00:00,iPhone,KingJames | iPhone,22,No,Yes,without Image/URL,0,Go get em Queen We need your voice and your leadership more than ever Good luck tonight and every night ,"{'neg': 0.0, 'neu': 0.748, 'pos': 0.252, 'compound': 0.7749}",0.7749,positive
KingJames,ğŸ—£ğŸ—£ğŸ—£ğŸ—£ğŸ—£ğŸ—£ğŸ—£ğŸ—£ğŸ—£ğŸ—£ğŸ—£ Salute homie! @tobias31 âœŠğŸ¾ #JusticeForBreonnaTaylor https://t.co/D2SqQKxF15,2020-07-20 21:15:39+00:00,iPhone,KingJames | iPhone,21,No,Yes,without Image/URL,1, Salute homie @tobias31 #JusticeForBreonnaTaylor ,"{'neg': 0.0, 'neu': 1.0, 'pos': 0.0, 'compound': 0.0}",0.0,positive
KingJames,"@pr_RWTW I mean at this point, What More Do You Want From Me?!?! ğŸ—£ğŸ—£ â€œTyrese voiceâ€",2020-07-20 19:59:47+00:00,iPhone,KingJames | iPhone,19,No,No,without Image/URL,0,@pr RWTW I mean at this point What More Do You Want From Me Tyrese voice ,"{'neg': 0.0, 'neu': 0.848, 'pos': 0.152, 'compound': 0.3628}",0.3628,positive
KingJames,Bro I swear I heard that for 15 years! ğŸ¤·ğŸ¾â€â™‚ï¸ğŸ‘‘ https://t.co/vj8WWTVgDB,2020-07-20 17:30:44+00:00,iPhone,KingJames | iPhone,17,No,Yes,without Image/URL,0,Bro I swear I heard that for 15 years ,"{'neg': 0.157, 'neu': 0.843, 'pos': 0.0, 'compound': -0.126}",-0.126,negative
KingJames,Rest. In. Paradise John Lewis. #CivilRightsICONâœŠğŸ¾ THANK YOU!! ğŸ™ğŸ¾,2020-07-18 04:27:56+00:00,iPhone,KingJames | iPhone,4,No,No,without Image/URL,1,Rest In Paradise John Lewis #CivilRightsICON THANK YOU ,"{'neg': 0.0, 'neu': 0.466, 'pos': 0.534, 'compound': 0.8409}",0.8409,positive
KingJames,So so so so SORRY Breonna! #JusticeforBreonnaTalyorğŸ™ğŸ¾â¤ï¸ https://t.co/6IaaqIKD0u,2020-07-17 21:32:13+00:00,iPhone,KingJames | iPhone,21,Yes,Yes,with Image/URL,1,So so so so SORRY Breonna #JusticeforBreonnaTalyor ,"{'neg': 0.341, 'neu': 0.659, 'pos': 0.0, 'compound': -0.5614}",-0.5614,negative
KingJames,This nap about to be so AMAZING/SPECIAL! I can feel it brewing. Ha! ğŸ˜ ğŸ’¤ ğŸ›ğŸ‘‘,2020-07-17 16:51:02+00:00,iPhone,KingJames | iPhone,16,No,No,without Image/URL,0,This nap about to be so AMAZING SPECIAL I can feel it brewing Ha ,"{'neg': 0.0, 'neu': 0.801, 'pos': 0.199, 'compound': 0.4559}",0.4559,positive
KingJames,@BrysonAdair @GregOnDemand216 7 Days A Week,2020-07-17 16:47:04+00:00,iPhone,KingJames | iPhone,16,No,No,without Image/URL,0,@BrysonAdair @GregOnDemand216 7 Days A Week,"{'neg': 0.0, 'neu': 1.0, 'pos': 0.0, 'compound': 0.0}",0.0,positive
KingJames,@CuffsTheLegend ğŸ¤£ğŸ¤£ğŸ¤£ğŸ¤£ğŸ¤£ğŸ¤£ğŸ¤£ğŸ¤£ğŸ¤£! Facts. Theyâ€™ll make zero adjustments and heâ€™ll kill everyone of his kids confident throughout the whole game to a point theyâ€™ll be ready to beat him up. But he may be strap so be aware of that. ğŸ¤¦ğŸ¾â€â™‚ï¸,2020-07-17 16:46:26+00:00,iPhone,KingJames | iPhone,16,No,No,without Image/URL,0,@CuffsTheLegend Facts They ll make zero adjustments and he ll kill everyone of his kids confident throughout the whole game to a point they ll be ready to beat him up But he may be strap so be aware of that ,"{'neg': 0.101, 'neu': 0.771, 'pos': 0.128, 'compound': 0.0}",0.0,positive
KingJames,RT @LJFamFoundation: From 2010 â¡ï¸ 2020... our original class of I Promise students have grown up &amp; are set to become high school SENIORS...â€¦,2020-07-17 16:44:39+00:00,iPhone,KingJames | iPhone,16,No,No,without Image/URL,0,RT @LJFamFoundation From 2010 2020 our original class of I Promise students have grown up amp are set to become high school SENIORS ,"{'neg': 0.0, 'neu': 0.82, 'pos': 0.18, 'compound': 0.5574}",0.5574,positive
KingJames,RT @LJFamFoundation: Weâ€™re in the business of changing lives and weâ€™re so proud to have our 330 Ambassadors &amp; I PROMISE students understandâ€¦,2020-07-15 16:36:16+00:00,iPhone,KingJames | iPhone,16,No,No,without Image/URL,0,RT @LJFamFoundation We re in the business of changing lives and we re so proud to have our 330 Ambassadors amp I PROMISE students understand ,"{'neg': 0.0, 'neu': 0.74, 'pos': 0.26, 'compound': 0.792}",0.792,positive
KingJames,#FreeWOJ!!  ğŸ¤œğŸ»ğŸ¤›ğŸ¾,2020-07-12 21:45:48+00:00,iPhone,KingJames | iPhone,21,No,No,without Image/URL,1,#FreeWOJ ,"{'neg': 0.0, 'neu': 1.0, 'pos': 0.0, 'compound': 0.0}",0.0,positive
KingJames,I know who I am. This is what I am. ğŸ‘‘ #GreatnessCode drops today on @AppleTV ğŸ’ªğŸ¾ğŸ˜¤ğŸš€ https://t.co/86hoFdQmoD,2020-07-10 15:58:55+00:00,iPhone,KingJames | iPhone,15,Yes,Yes,with Image/URL,1,I know who I am This is what I am #GreatnessCode drops today on @AppleTV ,"{'neg': 0.0, 'neu': 1.0, 'pos': 0.0, 'compound': 0.0}",0.0,positive
KingJames,@LASparks @KristineAnigwe ğŸ¤£ğŸ¤£ğŸ¤£ğŸ¤£ğŸ¤£ğŸ¤£. She DOES!!! ğŸ˜,2020-07-09 21:08:01+00:00,iPhone,KingJames | iPhone,21,No,No,without Image/URL,0,@LASparks @KristineAnigwe She DOES ,"{'neg': 0.0, 'neu': 1.0, 'pos': 0.0, 'compound': 0.0}",0.0,positive
KingJames,Just left the crib to head to the bubble. Shit felt like Iâ€™m headed to do a bid man! Fr. Hated to leave the #JamesGangğŸ‘‘.,2020-07-09 20:39:09+00:00,iPhone,KingJames | iPhone,20,No,No,without Image/URL,1,Just left the crib to head to the bubble Shit felt like I m headed to do a bid man Fr Hated to leave the #JamesGang ,"{'neg': 0.292, 'neu': 0.629, 'pos': 0.079, 'compound': -0.7777}",-0.7777,negative
KingJames,@J1Flight ğŸ¤£ğŸ¤£ğŸ¤£ğŸ¤£ğŸ¤£ğŸ¤£ğŸ¤£ğŸ¤£!!! â€œTake yo ass to sleepâ€,2020-07-08 17:17:50+00:00,iPhone,KingJames | iPhone,17,No,No,without Image/URL,0,@J1Flight Take yo ass to sleep ,"{'neg': 0.422, 'neu': 0.578, 'pos': 0.0, 'compound': -0.6571}",-0.6571,negative
KingJames,Straight Like That! #TheHeatles ğŸ”¥ğŸ”¥ğŸ”¥ğŸ”¥ğŸ”¥ğŸ‘‘ https://t.co/nRKNAyX8yH,2020-07-08 17:11:26+00:00,iPhone,KingJames | iPhone,17,No,Yes,without Image/URL,1,Straight Like That #TheHeatles ,"{'neg': 0.0, 'neu': 0.46, 'pos': 0.54, 'compound': 0.5707}",0.5707,positive
KingJames,"So so damn sad man!!! They are just innocent, beautiful, strong kids! ğŸ˜¢ğŸ˜¢ğŸ˜¢ğŸ˜¢ğŸ˜¢. Whatâ€™s wrong with people?!?!?!? My thoughts and prayers goes out to each one of their families and May they REST IN PARADISE! ğŸ™ğŸ¾â¤ï¸ğŸ‘‘ #Kings #Queens https://t.co/kLaAgxhiY8",2020-07-07 19:10:29+00:00,iPhone,KingJames | iPhone,19,No,Yes,without Image/URL,2,So so damn sad man They are just innocent beautiful strong kids What s wrong with people My thoughts and prayers goes out to each one of their families and May they REST IN PARADISE #Kings #Queens ,"{'neg': 0.171, 'neu': 0.545, 'pos': 0.284, 'compound': 0.8247}",0.8247,positive
KingJames,Welcome to the BEATS family @BubbaWallace!! ğŸ™ğŸ¾âœŠğŸ¾ğŸ‘‘ https://t.co/UMIZooEqh8,2020-07-06 23:35:03+00:00,iPhone,KingJames | iPhone,23,No,Yes,without Image/URL,0,Welcome to the BEATS family @BubbaWallace ,"{'neg': 0.0, 'neu': 0.661, 'pos': 0.339, 'compound': 0.555}",0.555,positive
KingJames,Right HERE too with you!! As well as the next generation who follows in my foot steps! Kings and Queens https://t.co/6rO5cex3ed,2020-07-06 18:49:39+00:00,iPhone,KingJames | iPhone,18,No,Yes,without Image/URL,0,Right HERE too with you As well as the next generation who follows in my foot steps Kings and Queens ,"{'neg': 0.0, 'neu': 0.87, 'pos': 0.13, 'compound': 0.4545}",0.4545,positive
KingJames,"RT @Kaepernick7: Black ppl have been dehumanized, brutalized, criminalized + terrorized by America for centuries, &amp; are expected to join yoâ€¦",2020-07-04 19:23:35+00:00,iPhone,KingJames | iPhone,19,No,No,without Image/URL,0,RT @Kaepernick7 Black ppl have been dehumanized brutalized criminalized terrorized by America for centuries amp are expected to join yo ,"{'neg': 0.364, 'neu': 0.559, 'pos': 0.077, 'compound': -0.8481}",-0.8481,negative
KingJames,"â€œThis 4th of July is Yours, Not Mineâ€ Frederick Douglass  https://t.co/dDpW27IrFh #StayWokeâœŠğŸ¾ #Powerful",2020-07-04 18:56:24+00:00,iPhone,KingJames | iPhone,18,No,Yes,without Image/URL,2, This 4th of July is Yours Not Mine Frederick Douglass ,"{'neg': 0.0, 'neu': 1.0, 'pos': 0.0, 'compound': 0.0}",0.0,positive
KingJames,ğŸ™ğŸ¾ğŸ‘‘ https://t.co/0KeT0V66RE,2020-07-04 16:52:52+00:00,iPhone,KingJames | iPhone,16,No,Yes,without Image/URL,0, ,"{'neg': 0.0, 'neu': 1.0, 'pos': 0.0, 'compound': 0.0}",0.0,positive
KingJames,So nice man!! My goodness!! ğŸ’â€™s to you my guy!!! @rod_strickland ğŸ™ğŸ¾â¤ï¸ğŸ‘‘ https://t.co/qKEOy1jGKh,2020-07-04 02:03:53+00:00,iPhone,KingJames | iPhone,2,No,Yes,without Image/URL,0,So nice man My goodness s to you my guy @rod strickland ,"{'neg': 0.0, 'neu': 0.602, 'pos': 0.398, 'compound': 0.8053}",0.8053,positive
KingJames,â¤ï¸â¤ï¸â¤ï¸â¤ï¸â¤ï¸â¤ï¸ https://t.co/dWuRXCfHB3,2020-07-03 16:24:43+00:00,iPhone,KingJames | iPhone,16,No,Yes,without Image/URL,0, ,"{'neg': 0.0, 'neu': 1.0, 'pos': 0.0, 'compound': 0.0}",0.0,positive
KingJames,NEVER!! ğŸ’ªğŸ¾âœŠğŸ¾ğŸ‘‘ https://t.co/3RIdeRtelu,2020-07-02 22:55:18+00:00,iPhone,KingJames | iPhone,22,No,Yes,without Image/URL,0,NEVER ,"{'neg': 0.0, 'neu': 1.0, 'pos': 0.0, 'compound': 0.0}",0.0,positive
KingJames,Yes we are!! ğŸ‘‘ğŸ’ªğŸ¾ @laddersport #StriveForGreatnessğŸš€ https://t.co/97B8E965T1,2020-07-02 20:39:30+00:00,iPhone,KingJames | iPhone,20,Yes,Yes,with Image/URL,1,Yes we are @laddersport #StriveForGreatness ,"{'neg': 0.0, 'neu': 0.646, 'pos': 0.354, 'compound': 0.508}",0.508,positive
KingJames,RT @IPROMISESchool: Our beautiful family. ğŸ–¤ğŸ¤ğŸ¤ Captured by @BlowbackTV during the filming of the I PROMISE Documentary. ğŸ“¸ https://t.co/swNpbâ€¦,2020-07-02 15:15:16+00:00,iPhone,KingJames | iPhone,15,No,Yes,without Image/URL,0,RT @IPROMISESchool Our beautiful family Captured by @BlowbackTV during the filming of the I PROMISE Documentary ,"{'neg': 0.0, 'neu': 0.684, 'pos': 0.316, 'compound': 0.7865}",0.7865,positive
KingJames,"Thank you to my guys Coach @LloydPierceLP, Coach Fiz, and @jocelynbenson for 
your help!  Our community is the most vulnerable to covid.  @Morethanavote #BlackLivesMatter https://t.co/S0VFbNCqJm",2020-07-01 19:45:49+00:00,iPhone,KingJames | iPhone,19,No,Yes,without Image/URL,1,Thank you to my guys Coach @LloydPierceLP Coach Fiz and @jocelynbenson for your help Our community is the most vulnerable to covid @Morethanavote #BlackLivesMatter ,"{'neg': 0.074, 'neu': 0.741, 'pos': 0.185, 'compound': 0.5104}",0.5104,positive
KingJames,@DwyaneWade My GOODNESS!!! Hahahaha. That HornsğŸ¤˜ğŸ¾ğŸ¤ğŸ¾Twist was unguardable by the way,2020-07-01 19:06:53+00:00,iPhone,KingJames | iPhone,19,No,No,without Image/URL,0,@DwyaneWade My GOODNESS Hahahaha That HornsTwist was unguardable by the way,"{'neg': 0.0, 'neu': 0.685, 'pos': 0.315, 'compound': 0.6817}",0.6817,positive
KingJames,My Gâ€™s right there!!!! Happy Born-Day @DaRealShow aka â€œThe Showmenator! ğŸ˜ https://t.co/gLQ88KC0XG,2020-07-01 03:19:49+00:00,iPhone,KingJames | iPhone,3,No,Yes,without Image/URL,0,My G s right there Happy Born Day @DaRealShow aka The Showmenator ,"{'neg': 0.0, 'neu': 0.673, 'pos': 0.327, 'compound': 0.7067}",0.7067,positive
KingJames,The homie @BaronDavis was NASTY!!! ğŸ¤¢ğŸ˜¤. Sheesh/My goodness!! https://t.co/DBrUJvVPna,2020-06-30 18:56:17+00:00,iPhone,KingJames | iPhone,18,No,Yes,without Image/URL,0,The homie @BaronDavis was NASTY Sheesh My goodness ,"{'neg': 0.355, 'neu': 0.452, 'pos': 0.194, 'compound': -0.5425}",-0.5425,negative
KingJames,ğŸ‘‘ Got one coming for all of you real soon!! @TheSpringHillCo ğŸ™ğŸ¾ğŸ’ªğŸ¾ğŸš€ #GreatnessCode July 10 on @AppleTV +  https://t.co/sWLGd3UHwC,2020-06-29 19:17:52+00:00,iPhone,KingJames | iPhone,19,Yes,Yes,with Image/URL,1, Got one coming for all of you real soon @TheSpringHillCo #GreatnessCode July 10 on @AppleTV ,"{'neg': 0.0, 'neu': 1.0, 'pos': 0.0, 'compound': 0.0}",0.0,positive
KingJames,@RomeTrav Only the strong survive my brother! ğŸ™ğŸ¾ğŸ’ªğŸ¾ğŸ‘‘,2020-06-29 16:38:15+00:00,iPhone,KingJames | iPhone,16,No,No,without Image/URL,0,@RomeTrav Only the strong survive my brother ,"{'neg': 0.0, 'neu': 0.661, 'pos': 0.339, 'compound': 0.5562}",0.5562,positive
KingJames,ğŸ™ğŸ¾âœŠğŸ¾ğŸ’ªğŸ¾ğŸ‘‘ @Sprite #BlackLivesMatter #spritepartner https://t.co/loPh77qSoC,2020-06-29 16:18:16+00:00,iPhone,KingJames | iPhone,16,No,Yes,without Image/URL,2, @Sprite #BlackLivesMatter #spritepartner ,"{'neg': 0.0, 'neu': 1.0, 'pos': 0.0, 'compound': 0.0}",0.0,positive
KingJames,Thank you! Honored! ğŸ™ğŸ¾âœŠğŸ¾ğŸ’ªğŸ¾â™¥ï¸ğŸ‘‘ https://t.co/96b4spS9GK,2020-06-29 10:43:22+00:00,iPhone,KingJames | iPhone,10,No,Yes,without Image/URL,0,Thank you Honored ,"{'neg': 0.0, 'neu': 0.304, 'pos': 0.696, 'compound': 0.7835}",0.7835,positive
KingJames,"No way @Money23Green gonna shut up and dribble ğŸ¤£. Great to see my @morethanavote Brother leading on this one. ğŸ™ğŸ¾âœŠğŸ¾ğŸ’ªğŸ¾ğŸ‘‘
https://t.co/cS42w2q5Zb",2020-06-26 23:03:10+00:00,iPhone,KingJames | iPhone,23,No,Yes,without Image/URL,0,No way @Money23Green gonna shut up and dribble Great to see my @morethanavote Brother leading on this one ,"{'neg': 0.087, 'neu': 0.751, 'pos': 0.162, 'compound': 0.4404}",0.4404,positive
KingJames,RT @uninterrupted: Big news today!! ğŸ™ğŸ½ @thespringhillco https://t.co/wyhLNDYKzX,2020-06-26 15:26:32+00:00,iPhone,KingJames | iPhone,15,Yes,Yes,with Image/URL,0,RT @uninterrupted Big news today @thespringhillco ,"{'neg': 0.0, 'neu': 1.0, 'pos': 0.0, 'compound': 0.0}",0.0,positive
KingJames,Weâ€™d like to Welcome you all! Take on this ride with US! ğŸ¢ğŸš€ğŸ†ğŸ‘‘ https://t.co/BZx12AqxpT,2020-06-26 15:25:46+00:00,iPhone,KingJames | iPhone,15,No,Yes,without Image/URL,0,We d like to Welcome you all Take on this ride with US ,"{'neg': 0.0, 'neu': 0.664, 'pos': 0.336, 'compound': 0.7256}",0.7256,positive
KingJames,RT @pr_RWTW: ğŸš€ğŸš€ğŸš€,2020-06-25 21:42:00+00:00,iPhone,KingJames | iPhone,21,No,No,without Image/URL,0,RT @pr RWTW ,"{'neg': 0.0, 'neu': 1.0, 'pos': 0.0, 'compound': 0.0}",0.0,positive
KingJames,FACTS!!!!! No question about it. ğŸ¤¦ğŸ¾â€â™‚ï¸ https://t.co/gTlC5J14gC,2020-06-25 21:40:49+00:00,iPhone,KingJames | iPhone,21,No,Yes,without Image/URL,0,FACTS No question about it ,"{'neg': 0.36, 'neu': 0.64, 'pos': 0.0, 'compound': -0.5216}",-0.5216,negative
KingJames,RT @LFC: ğŸ¤© C H A M P I O N S ğŸ¤© https://t.co/6Ep1c82V3c,2020-06-25 21:38:23+00:00,iPhone,KingJames | iPhone,21,Yes,Yes,with Image/URL,0,RT @LFC C H A M P I O N S ,"{'neg': 0.0, 'neu': 1.0, 'pos': 0.0, 'compound': 0.0}",0.0,positive
KingJames,"RT @LFC: Tell the worldâ€¦

We are Liverpool, champions of England. https://t.co/altgWn1Wda",2020-06-25 21:17:40+00:00,iPhone,KingJames | iPhone,21,Yes,Yes,with Image/URL,0,RT @LFC Tell the world We are Liverpool champions of England ,"{'neg': 0.0, 'neu': 0.764, 'pos': 0.236, 'compound': 0.5267}",0.5267,positive
KingJames,RT @LFC: WEâ€™RE PREMIER LEAGUE CHAMPIONS!! ğŸ† https://t.co/qX7Duxoslm,2020-06-25 21:17:35+00:00,iPhone,KingJames | iPhone,21,Yes,Yes,with Image/URL,0,RT @LFC WE RE PREMIER LEAGUE CHAMPIONS ,"{'neg': 0.0, 'neu': 0.56, 'pos': 0.44, 'compound': 0.6924}",0.6924,positive
KingJames,PREMIER LEAGUE CHAMPIONS!!!!!!!!!!!!!!! LETâ€™S GO ğŸ—£ğŸ—£ğŸ—£ğŸ—£ğŸ—£ @LFC #YNWAâ™¥ï¸ ğŸ™ğŸ¾ğŸ’ªğŸ¾ğŸ†ğŸ‘‘,2020-06-25 21:17:26+00:00,iPhone,KingJames | iPhone,21,No,No,without Image/URL,1,PREMIER LEAGUE CHAMPIONS LET S GO @LFC #YNWA ,"{'neg': 0.0, 'neu': 1.0, 'pos': 0.0, 'compound': 0.0}",0.0,positive
KingJames,RT @mavcarter: Itâ€™s about the people and the process. Iâ€™m proud to have been a part of this process for the last 5 years with @uninterrupteâ€¦,2020-06-25 21:10:19+00:00,iPhone,KingJames | iPhone,21,No,No,without Image/URL,0,RT @mavcarter It s about the people and the process I m proud to have been a part of this process for the last 5 years with @uninterrupte ,"{'neg': 0.0, 'neu': 0.881, 'pos': 0.119, 'compound': 0.4767}",0.4767,positive
KingJames,Our leadership team is a reflection of our entire organization. I want to thank everyone at The Springhill Company for believing in our vision! We closed this deal in March and I knew our work was going to keep getting more and more necessary. Letâ€™s continue greatness. ğŸš€ğŸ‘‘ https://t.co/O3jQR47bjf,2020-06-25 17:16:47+00:00,iPhone,KingJames | iPhone,17,Yes,Yes,with Image/URL,0,Our leadership team is a reflection of our entire organization I want to thank everyone at The Springhill Company for believing in our vision We closed this deal in March and I knew our work was going to keep getting more and more necessary Let s continue greatness ,"{'neg': 0.0, 'neu': 0.876, 'pos': 0.124, 'compound': 0.6239}",0.6239,positive
KingJames,"Incredibly proud of todayâ€™s announcement! We started building this company almost 5 years ago and while I love every project and story we tellâ€¦I am most proud of our team. 100+ employees, 64% people of color and 40% female in an industry that avg 25%. https://t.co/UqPTJ341Xz",2020-06-25 17:16:22+00:00,iPhone,KingJames | iPhone,17,No,Yes,without Image/URL,0,Incredibly proud of today s announcement We started building this company almost 5 years ago and while I love every project and story we tell I am most proud of our team 100 employees 64 people of color and 40 female in an industry that avg 25 ,"{'neg': 0.0, 'neu': 0.784, 'pos': 0.216, 'compound': 0.9058}",0.9058,positive
KingJames,RT @mavcarter: Join our fight against voter suppression. âœŠğŸ¾ https://t.co/ElkhDa4AS3 @morethanavote #BlackLivesMatter https://t.co/Xj5CaEII7o,2020-06-24 21:51:06+00:00,iPhone,KingJames | iPhone,21,Yes,Yes,with Image/URL,1,RT @mavcarter Join our fight against voter suppression ,"{'neg': 0.165, 'neu': 0.696, 'pos': 0.139, 'compound': -0.1027}",-0.1027,negative
KingJames,RT @IPROMISESchool: â€œWe believe that if youâ€™re going to create real change for children in urban districts that you need to do it through tâ€¦,2020-06-24 21:50:57+00:00,iPhone,KingJames | iPhone,21,No,No,without Image/URL,0,RT @IPROMISESchool We believe that if you re going to create real change for children in urban districts that you need to do it through t ,"{'neg': 0.0, 'neu': 0.92, 'pos': 0.08, 'compound': 0.2732}",0.2732,positive
KingJames,"RT @LJFamFoundation: ""You never know when the time is right... you just do it... and let's figure it out, let's learn together."" ~ @KingJamâ€¦",2020-06-24 21:50:51+00:00,iPhone,KingJames | iPhone,21,No,No,without Image/URL,0,RT @LJFamFoundation You never know when the time is right you just do it and let's figure it out let's learn together @KingJam ,"{'neg': 0.0, 'neu': 1.0, 'pos': 0.0, 'compound': 0.0}",0.0,positive
KingJames,"ğŸ¦¶ğŸ¾on the â›½ï¸!!!!!! Letâ€™s go @Chiney321!! And to all my other Beautiful, Powerful Black Queens continue to push the envelope, break thru barriers and defy expectations as Chiney says! https://t.co/UctUmUNCYQ",2020-06-23 18:56:13+00:00,iPhone,KingJames | iPhone,18,No,Yes,without Image/URL,0,on the Let s go @Chiney321 And to all my other Beautiful Powerful Black Queens continue to push the envelope break thru barriers and defy expectations as Chiney says ,"{'neg': 0.0, 'neu': 0.781, 'pos': 0.219, 'compound': 0.8346}",0.8346,positive
KingJames,"The easiest way to keep us from changing anything is to keep us from voting. As athletes, we stand on the shoulders of giants. We must continue their fight on behalf our community. @morethanavote #BlackLivesMatter https://t.co/VXqJBgtO2n",2020-06-23 16:21:14+00:00,iPhone,KingJames | iPhone,16,Yes,Yes,with Image/URL,1,The easiest way to keep us from changing anything is to keep us from voting As athletes we stand on the shoulders of giants We must continue their fight on behalf our community @morethanavote #BlackLivesMatter ,"{'neg': 0.066, 'neu': 0.863, 'pos': 0.071, 'compound': 0.0516}",0.0516,positive
KingJames,To my brothers and sisters in sports and arts. We have incredible influence in our community. We need to use this moment to demand change. I gotta be honestâ€¦I struggle with what to demand because so damn much needs to change. But Iâ€™m starting with our right to vote.,2020-06-23 16:21:00+00:00,iPhone,KingJames | iPhone,16,No,No,without Image/URL,0,To my brothers and sisters in sports and arts We have incredible influence in our community We need to use this moment to demand change I gotta be honest I struggle with what to demand because so damn much needs to change But I m starting with our right to vote ,"{'neg': 0.159, 'neu': 0.841, 'pos': 0.0, 'compound': -0.7425}",-0.7425,negative
KingJames,ğŸ¤œğŸ½ğŸ¤›ğŸ¾ LETS GET IT BROTHER!!!! @morethanavote https://t.co/bm9ma57E5q,2020-06-23 02:28:16+00:00,iPhone,KingJames | iPhone,2,No,Yes,without Image/URL,0, LETS GET IT BROTHER @morethanavote ,"{'neg': 0.0, 'neu': 1.0, 'pos': 0.0, 'compound': 0.0}",0.0,positive
KingJames,And...everyone welcome this game changer (on and off the field) @PatrickMahomes to the family. Means a lot my Brother to have your voice in this with us. ğŸ™ğŸ¾ #MoreThanAVote #BlackLivesMatter,2020-06-23 02:00:18+00:00,iPhone,KingJames | iPhone,2,No,No,without Image/URL,2,And everyone welcome this game changer on and off the field @PatrickMahomes to the family Means a lot my Brother to have your voice in this with us #MoreThanAVote #BlackLivesMatter,"{'neg': 0.0, 'neu': 0.903, 'pos': 0.097, 'compound': 0.4588}",0.4588,positive
KingJames,We live!!! https://t.co/myvC7O9Omi Thank you to every incredible athlete and artist working to help us pull this together. Change doesnâ€™t happen sitting on the sideline. Use our site to register and join our fight against voter suppression. âœŠğŸ¾ğŸ‘‘ #MoreThanAVote #BlackLivesMatter https://t.co/qcowjYBefW,2020-06-23 01:59:23+00:00,iPhone,KingJames | iPhone,1,No,Yes,without Image/URL,2,We live ,"{'neg': 0.054, 'neu': 0.773, 'pos': 0.173, 'compound': 0.6884}",0.6884,positive
KingJames,Sickening! @BubbaWallace my brother! Know you donâ€™t stand alone! Iâ€™m right here with you as well as every other athlete. I just want to continue to say how proud I am of you for continuing to take a stand for change here in America and sports! @NASCAR I salute you as well! ğŸ™ğŸ¾âœŠğŸ¾ğŸ‘‘ https://t.co/1TwkjVHai5,2020-06-22 03:58:03+00:00,iPhone,KingJames | iPhone,3,No,Yes,without Image/URL,0,Sickening @BubbaWallace my brother Know you don t stand alone I m right here with you as well as every other athlete I just want to continue to say how proud I am of you for continuing to take a stand for change here in America and sports @NASCAR I salute you as well ,"{'neg': 0.091, 'neu': 0.744, 'pos': 0.165, 'compound': 0.5216}",0.5216,positive
KingJames,FACTS!!! Mr. Chambers ainâ€™t with the bull jive!! Thank you Mr. Chambers!! https://t.co/NGmejhJ27S,2020-06-20 21:40:29+00:00,iPhone,KingJames | iPhone,21,No,Yes,without Image/URL,0,FACTS Mr Chambers ain t with the bull jive Thank you Mr Chambers ,"{'neg': 0.0, 'neu': 0.766, 'pos': 0.234, 'compound': 0.5673}",0.5673,positive
KingJames,Said it last week about GA.  This is SYSTEMIC RACISM and OPPRESSION.  So angry man. ğŸ˜¤ğŸ˜¤ğŸ˜¤ #BlackLivesMatter âœŠğŸ¾ #MoreThanaVote ğŸ–ğŸ¾ https://t.co/o9440Ugyzv,2020-06-20 17:24:13+00:00,iPhone,KingJames | iPhone,17,No,Yes,without Image/URL,2,Said it last week about GA This is SYSTEMIC RACISM and OPPRESSION So angry man #BlackLivesMatter #MoreThanaVote ,"{'neg': 0.307, 'neu': 0.693, 'pos': 0.0, 'compound': -0.8565}",-0.8565,negative
KingJames,Ha! Iâ€™m going to say I think you are!! Beautiful follow-thru on that shot buddy! ğŸ’ªğŸ¾ğŸ™ğŸ¾ğŸ‘‘ https://t.co/fMUocbVMRL,2020-06-20 16:52:52+00:00,iPhone,KingJames | iPhone,16,No,Yes,without Image/URL,0,Ha I m going to say I think you are Beautiful follow thru on that shot buddy ,"{'neg': 0.0, 'neu': 0.652, 'pos': 0.348, 'compound': 0.816}",0.816,positive
KingJames,ğŸ—£ğŸ—£ğŸ—£ğŸ—£ğŸ—£ğŸ—£ğŸ—£ https://t.co/YnPs1MPKQy,2020-06-20 02:15:38+00:00,iPhone,KingJames | iPhone,2,No,Yes,without Image/URL,0, ,"{'neg': 0.0, 'neu': 1.0, 'pos': 0.0, 'compound': 0.0}",0.0,positive
KingJames,Now we need a conviction and sentencing to the FULL AMOUNT!!! #JusticeForNakiaCrawford,2020-06-18 19:44:23+00:00,iPhone,KingJames | iPhone,19,No,No,without Image/URL,1,Now we need a conviction and sentencing to the FULL AMOUNT #JusticeForNakiaCrawford,"{'neg': 0.198, 'neu': 0.802, 'pos': 0.0, 'compound': -0.3561}",-0.3561,negative
KingJames,Music ğŸ¶ to Our ears for US who love and bleed the city of AKRON! #JusticeForNakiaCrawford https://t.co/0iUlfoHe3j,2020-06-18 19:42:37+00:00,iPhone,KingJames | iPhone,19,No,Yes,without Image/URL,1,Music to Our ears for US who love and bleed the city of AKRON #JusticeForNakiaCrawford ,"{'neg': 0.0, 'neu': 0.77, 'pos': 0.23, 'compound': 0.6696}",0.6696,positive
KingJames,@Hawk @jeffokudah @allysonfelix @realtuffjuice @MariaTaylor @Arike_O @_ajawilson22 Jason Heyward @SloaneStephens @JozyAltidore #MoreThanAVote,2020-06-17 17:33:32+00:00,iPhone,KingJames | iPhone,17,No,No,without Image/URL,1,@Hawk @jeffokudah @allysonfelix @realtuffjuice @MariaTaylor @Arike O @ ajawilson22 Jason Heyward @SloaneStephens @JozyAltidore #MoreThanAVote,"{'neg': 0.0, 'neu': 1.0, 'pos': 0.0, 'compound': 0.0}",0.0,positive
KingJames,"Really proud to welcome all these leaders to the cause. ğŸ’ªğŸ¾ Thank you for giving this your passion, leadership, and massive show of support. Weâ€™re just getting started!! ğŸš€ As mama always told me, â€œDonâ€™t talk about it, be about it.â€ âœŠğŸ¾ğŸ‘‘ #BlackLivesMatter #MoreThanAVote https://t.co/C6Rp1ygIFq",2020-06-17 17:01:46+00:00,iPhone,KingJames | iPhone,17,Yes,Yes,with Image/URL,2,Really proud to welcome all these leaders to the cause Thank you for giving this your passion leadership and massive show of support We re just getting started As mama always told me Don t talk about it be about it #BlackLivesMatter #MoreThanAVote ,"{'neg': 0.0, 'neu': 0.681, 'pos': 0.319, 'compound': 0.9504}",0.9504,positive
KingJames,"Nah we ainâ€™t letting it slow down!! No Sir, Not Me ğŸ—£ğŸ—£ğŸ—£ğŸ—£ğŸ—£. Somebody know something for sure. #JUSTICE4Nakia ğŸ‘¸ğŸ½ https://t.co/ZrscZ2Sk47",2020-06-17 01:15:36+00:00,iPhone,KingJames | iPhone,1,No,Yes,without Image/URL,1,Nah we ain t letting it slow down No Sir Not Me Somebody know something for sure #JUSTICE4Nakia ,"{'neg': 0.178, 'neu': 0.724, 'pos': 0.098, 'compound': -0.2225}",-0.2225,negative
KingJames,Breaks my Heart!! ğŸ˜¢ğŸ˜¢ğŸ˜¢ğŸ˜¢ğŸ’” https://t.co/wKLDonZ9sC,2020-06-16 05:56:55+00:00,iPhone,KingJames | iPhone,5,No,Yes,without Image/URL,0,Breaks my Heart ,"{'neg': 0.0, 'neu': 1.0, 'pos': 0.0, 'compound': 0.0}",0.0,positive
KingJames,ğŸğŸğŸğŸğŸğŸğŸğŸğŸğŸ https://t.co/0VytjwQDPw,2020-06-16 04:01:16+00:00,iPhone,KingJames | iPhone,4,No,Yes,without Image/URL,0, ,"{'neg': 0.0, 'neu': 1.0, 'pos': 0.0, 'compound': 0.0}",0.0,positive
KingJames,VERY STRONG!! Salute âœŠğŸ¾. #BLMğŸ‘‘ https://t.co/W1rcowkGl6,2020-06-16 01:12:09+00:00,iPhone,KingJames | iPhone,1,No,Yes,without Image/URL,1,VERY STRONG Salute #BLM ,"{'neg': 0.0, 'neu': 0.47, 'pos': 0.53, 'compound': 0.7679}",0.7679,positive
KingJames,@RexChapman BEYOND EMBARRASSING!!!!!! Dont make no damn sense! ğŸ¤¦ğŸ¾â€â™‚ï¸ğŸ˜¢ğŸ˜¢,2020-06-15 20:11:33+00:00,iPhone,KingJames | iPhone,20,No,No,without Image/URL,0,@RexChapman BEYOND EMBARRASSING Dont make no damn sense ,"{'neg': 0.0, 'neu': 0.568, 'pos': 0.432, 'compound': 0.6501}",0.6501,positive
KingJames,"Until You Understand The History of whatâ€™s been going on to US in America, then youâ€™ll never understand why We are in Pain til this day! https://t.co/9TuC8yOFV2",2020-06-15 19:49:52+00:00,iPhone,KingJames | iPhone,19,No,Yes,without Image/URL,0,Until You Understand The History of what s been going on to US in America then you ll never understand why We are in Pain til this day ,"{'neg': 0.121, 'neu': 0.879, 'pos': 0.0, 'compound': -0.5562}",-0.5562,negative
KingJames,RT @IPROMISESchool: Geonte is not only ready to lead the @IPROMISESchool as a 6th grader... heâ€™s ready to lead and be part of the change inâ€¦,2020-06-13 16:16:55+00:00,iPhone,KingJames | iPhone,16,No,No,without Image/URL,0,RT @IPROMISESchool Geonte is not only ready to lead the @IPROMISESchool as a 6th grader he s ready to lead and be part of the change in ,"{'neg': 0.155, 'neu': 0.845, 'pos': 0.0, 'compound': -0.4973}",-0.4973,negative
KingJames,And I wanna say THANK YOU @Chiney321!! Love you ğŸ™ğŸ¾âœŠğŸ¾â¤ï¸ğŸ‘‘ #MoreThanAVote #BlackQueensandKings https://t.co/k0su66Kdlx,2020-06-13 04:58:29+00:00,iPhone,KingJames | iPhone,4,No,Yes,without Image/URL,2,And I wanna say THANK YOU @Chiney321 Love you #MoreThanAVote #BlackQueensandKings ,"{'neg': 0.0, 'neu': 0.555, 'pos': 0.445, 'compound': 0.8409}",0.8409,positive
KingJames,"ğŸ™ğŸ¾ @KendrickPerkins, @DaTrillStak5, @BunBTrillOG.  We just getting started.  #MoreThanaVote âœŠğŸ¾ğŸ’ªğŸ¾ğŸ‘‘ https://t.co/r8a9DnepGw",2020-06-12 17:02:28+00:00,iPhone,KingJames | iPhone,17,No,Yes,without Image/URL,1, @KendrickPerkins @DaTrillStak5 @BunBTrillOG We just getting started #MoreThanaVote ,"{'neg': 0.0, 'neu': 1.0, 'pos': 0.0, 'compound': 0.0}",0.0,positive
KingJames,BIG S/O @BubbaWallace!! ğŸ¤œğŸ»ğŸ¤›ğŸ¾ğŸ‘‘ https://t.co/0zIlidbQOi,2020-06-10 17:06:52+00:00,iPhone,KingJames | iPhone,17,No,Yes,without Image/URL,0,BIG S O @BubbaWallace ,"{'neg': 0.0, 'neu': 1.0, 'pos': 0.0, 'compound': 0.0}",0.0,positive
KingJames,Everyone talking about â€œhow do we fix this?â€Â Â They say â€œgo out and vote?â€Â Â What about asking if how we vote is also structurally racist? https://t.co/GFtq12eKKt,2020-06-09 19:08:47+00:00,iPhone,KingJames | iPhone,19,No,Yes,without Image/URL,0,Everyone talking about how do we fix this They say go out and vote What about asking if how we vote is also structurally racist ,"{'neg': 0.154, 'neu': 0.846, 'pos': 0.0, 'compound': -0.6747}",-0.6747,negative
KingJames,Canâ€™t Wait!! Less than an hour away. ğŸ™ğŸ¾ğŸ’ªğŸ¾âœŠğŸ¾ğŸ‘‘ https://t.co/Se7tX4Omrl,2020-06-09 00:04:55+00:00,iPhone,KingJames | iPhone,0,No,Yes,without Image/URL,0,Can t Wait Less than an hour away ,"{'neg': 0.0, 'neu': 1.0, 'pos': 0.0, 'compound': 0.0}",0.0,positive
KingJames,ğŸ—£ğŸ—£ğŸ—£ğŸ—£ğŸ—£ğŸ—£ğŸ—£ğŸ—£ğŸ—£. Kimberly Iâ€™m here for you!!!! And more importantly I hear you and will make change for US!! I will not stop until I see it. ğŸ™ğŸ¾ğŸ’ªğŸ¾âœŠğŸ¾â¤ï¸ğŸ‘‘ #BlackLivesMatterğŸ–¤https://t.co/2unEziTQ7c,2020-06-06 02:12:40+00:00,iPhone,KingJames | iPhone,2,No,Yes,without Image/URL,1, Kimberly I m here for you And more importantly I hear you and will make change for US I will not stop until I see it #BlackLivesMatter,"{'neg': 0.0, 'neu': 0.803, 'pos': 0.197, 'compound': 0.6857}",0.6857,positive
